Nombre,Edad,Equipo,Rendimiento,Potencial,Valor en el mercado
E. Haaland,22,Manchester City,91,94,€185M
K. Mbappé,24,Paris Saint Germain,91,94,€181.5M
K. De Bruyne,32,Manchester City,91,91,€103M
Rodri,27,Manchester City,90,92,€129.5M
H. Kane,29,FC Bayern München,90,90,€119.5M
T. Courtois,31,Real Madrid,90,90,€63M
R. Lewandowski,34,FC Barcelona,90,90,€58M
L. Messi,36,Inter Miami,90,90,€41M
Rúben Dias,26,Manchester City,89,90,€106.5M
Vini Jr.,22,Real Madrid,89,94,€158.5M
Alisson,30,Liverpool,89,89,€68.5M
M. Salah,31,Liverpool,89,89,€85.5M
V. van Dijk,31,Liverpool,89,89,€70.5M
M. ter Stegen,31,FC Barcelona,89,89,€54.5M
J. Bellingham,20,Real Madrid,88,92,€128.5M
F. Valverde,24,Real Madrid,88,91,€124M
L. Martínez,25,Inter,88,90,€116M
Bernardo Silva,28,Manchester City,88,88,€91.5M
Ederson,29,Manchester City,88,89,€70M
J. Oblak,30,Atlético Madrid,88,88,€61M
A. Griezmann,32,Atlético Madrid,88,88,€74M
Neymar Jr,31,Al Hilal,88-1,88-1,€75.5M
K. Benzema,35,Al Ittihad,88,88,€39M
F. Wirtz,20,Bayer 04 Leverkusen,87,92,€118.5M
G. Kobel,25,Borussia Dortmund,87,90,€81.5M
D. Rice,24,Arsenal,87,88,€88.5M
V. Osimhen,24,Napoli,87,90,€110M
G. Donnarumma,24,Paris Saint Germain,87,90,€85M
F. de Jong,26,FC Barcelona,87,90,€103.5M
M. Ødegaard,24,Arsenal,87,90,€108M
M. Maignan,27,Milan,87,90,€78M
J. Kimmich,28,FC Bayern München,87,87,€70M
Bruno Fernandes,28,Manchester United,87,87,€79.5M
Marquinhos,29,Paris Saint Germain,87,88,€73.5M
H. Son,30,Tottenham Hotspur,87,87,€77M
T. Kroos,33,Real Madrid,87,87,€49M
M. Neuer,37,FC Bayern München,87,87,€9M
J. Musiala,20,FC Bayern München,86,93,€134.5M
R. Araujo,24,FC Barcelona,86,91,€93M
Pedri,20,FC Barcelona,86,92,€105M
K. Kvaratskhelia,22,Napoli,86,92,€109M
B. Saka,21,Arsenal,86,90,€99M
Rafael Leão,24,Milan,86,91,€102.5M
Éder Militão,25,Real Madrid,86,89,€80M
P. Foden,23,Manchester City,86,90,€97.5M
O. Dembélé,26,Paris Saint Germain,86,87,€80M
T. Alexander-Arnold,24,Liverpool,86,88,€81M
N. Barella,26,Inter,86,87,€79.5M
S. Milinković-Savić,28,Al Hilal,86,86,€68M
L. Sané,27,FC Bayern München,86,86,€72.5M
A. Robertson,29,Liverpool,86,86,€59.5M
P. Dybala,29,Roma,86,86,€68M
João Cancelo,29,FC Barcelona,86,86,€59.5M
Grimaldo,27,Bayer 04 Leverkusen,86,86,€65.5M
H. Çalhanoğlu,29,Inter,86,86,€66M
A. Rüdiger,30,Real Madrid,86+1,86+1,€55.5M
R. Mahrez,32,Al Ahli Jeddah,86,86,€54M
E. Martínez,30,Aston Villa,86,86,€45M
Casemiro,31,Manchester United,86,86,€47.5M
İ. Gündoğan,32,FC Barcelona,86,86,€53.5M
W. Szczęsny,33,Juventus,86,86,€22M
Y. Sommer,34,Inter,86,86,€11.5M
L. Modrić,37,Real Madrid,86,86,€21.5M
Cristiano Ronaldo,38,Al Nassr,86,86,€23M
Rodrygo,22,Real Madrid,85,91,€86.5M
W. Saliba,22,Arsenal,85,89,€71M
J. Koundé,24,FC Barcelona,85,89,€69.5M
A. Bastoni,24,Inter,85,90,€73.5M
T. Hernández,25,Milan,85,88,€66M
Gabriel,25,Arsenal,85,87,€60M
C. Nkunku,25,Chelsea,85,87,€68.5M
Unai Simón,26,Athletic Club,85,86,€47.5M
Diogo Jota,26,Liverpool,85,86,€64.5M
J. Maddison,26,Tottenham Hotspur,85,86,€63.5M
G. Di Lorenzo,29,Napoli,85,85,€47.5M
N. Kanté,32,Al Ittihad,85,85,€36M
K. Coman,27,FC Bayern München,85,85,€57.5M
D. Berardi,28,Sassuolo,85,85,€54.5M
Y. Bounou,32,Al Hilal,85,85,€26.5M
L. Goretzka,28,FC Bayern München,85,85,€54M
S. Mané,31,Al Nassr,85,85,€44.5M
J. Grealish,27,Manchester City,85,85,€57.5M
J. Stones,29,Manchester City,85,86,€49.5M
D. Alaba,31,Real Madrid,85,85,€37M
C. Immobile,33,Lazio,85,85,€34.5M
K. Trippier,32,Newcastle United,85,85,€37.5M
J. Frimpong,22,Bayer 04 Leverkusen,84,88,€57M
Gabriel Martinelli,22,Arsenal,84,88,€61.5M
Bruno Guimarães,25,Newcastle United,84,87,€55.5M
D. Vlahović,23,Juventus,84,88,€61M
A. Tchouaméni,23,Real Madrid,84,89,€58.5M
L. Díaz,26,Liverpool,84,84,€46M
G. Vicario,26,Tottenham Hotspur,84,87,€42.5M
A. Mac Allister,24,Liverpool,84,86,€54.5M
Bremer,26,Juventus,84,87,€49M
L. Martínez,25,Manchester United,84,87,€49.5M
Kim Min Jae,26,FC Bayern München,84,86,€46M
F. Chiesa,25,Juventus,84,85,€50.5M
M. de Ligt,23,FC Bayern München,84,89,€57.5M
A. Hakimi,24,Paris Saint Germain,84,86,€50.5M
Raphinha,26,FC Barcelona,84,84,€46M
F. Tomori,25,Milan,84,88,€52.5M
Palhinha,27,Fulham,84,85,€43M
Álex Remiro,28,Real Sociedad,84,86,€36M
I. Bennacer,25,Milan,84,87,€50.5M
Marcos Llorente,28,Atlético Madrid,84,84,€42M
Mikel Merino,27,Real Sociedad,84,85,€48M
Rúben Neves,26,Al Hilal,84,86,€47M
L. Hernández,27,Paris Saint Germain,84,84,€40.5M
R. De Paul,29,Atlético Madrid,84,84,€41M
J. Brandt,27,Borussia Dortmund,84,85,€48.5M
A. Rabiot,28,Juventus,84,84,€42M
T. Partey,30,Arsenal,84,84,€35.5M
Y. Carrasco,29,Al Shabab,84,84,€41.5M
N. Pope,31,Newcastle United,84,84,€22.5M
Morata,30,Atlético Madrid,84,84,€41.5M
K. Koulibaly,32,Al Hilal,84,84,€27.5M
G. Xhaka,30,Bayer 04 Leverkusen,84,84,€35.5M
Luis Alberto,30,Lazio,84,84,€40.5M
Koke,31,Atlético Madrid,84,84,€29.5M
Iago Aspas,35,Celta de Vigo,84,84,€18M
R. Lukaku,30,Roma,84,84,€41.5M
C. Smalling,33,Roma,84,84,€20M
Parejo,34,Villarreal,84,84,€19.5M
K. Walker,33,Manchester City,84,84,€22M
Á. Di María,35,Benfica,84,84,€17.5M
M. Hummels,34,Borussia Dortmund,84,84,€13.5M
L. Suárez,36,Inter Miami,84,84,€14.5M
Thiago Silva,38,Chelsea,84,84,€7.5M
Gavi,18,FC Barcelona,83,90,€68.5M
Vitinha,23,Paris Saint Germain,83+1,87+1,€52M
D. Núñez,24,Liverpool,83,87,€52.5M
S. Botman,23,Newcastle United,83,87,€47M
E. Camavinga,20,Real Madrid,83,90,€71.5M
N. Schlotterbeck,23,Borussia Dortmund,83,86,€44.5M
J. Álvarez,23,Manchester City,83,87,€52.5M
V. Tsygankov,25,Girona,83,84,€43.5M
Dani Olmo,25,RB Leipzig,83,87,€50.5M
L. Openda,23,RB Leipzig,83,86,€50M
M. Diaby,23,Aston Villa,83,85-1,€47M
Ferran Torres,23,FC Barcelona,83,88,€55M
R. James,23,Chelsea,83,87+2,€48.5M
I. Konaté,24,Liverpool,83,87,€47M
Diogo Costa,23,Porto,83,89,€46.5M
A. Ramsdale,25,Arsenal,83,86,€37M
A. Isak,23,Newcastle United,83+1,87+1,€52.5M
C. Romero,25,Tottenham Hotspur,83,87,€45.5M
M. Rashford,25,Manchester United,83,84,€43.5M
D. Malen,24,Borussia Dortmund,83,85,€47M
Gabriel Jesus,26,Arsenal,83,84,€43.5M
Ronaldo Cabrais,31,Palmeiras,83,83,€30M
Oyarzabal,26,Real Sociedad,83,83-1,€39.5M
G. Mancini,27,Roma,83,85,€38.5M
D. Upamecano,24,FC Bayern München,83,86,€44.5M
Aleix García,26,Girona,83,85,€44.5M
L. Pellegrini,27,Roma,83,84,€42M
B. Pavard,27,Inter,83,84,€36.5M
A. Onana,27,Manchester United,83,84,€31M
F. Dimarco,25,Inter,83,85,€42M
G. Rodríguez,28,Real Betis,83,83,€32M
K. Laimer,26,FC Bayern München,83,84,€38M
M. Acuña,31,Sevilla,83,83,€26.5M
O. Watkins,27,Aston Villa,83+1,83+1,€39.5M
Marco Asensio,27,Paris Saint Germain,83,83,€38.5M
Rafa,30,Benfica,83,83,€35.5M
J. Giménez,28,Atlético Madrid,83,84,€34.5M
S. Lobotka,28,Napoli,83,83,€36.5M
M. Brozović,30,Al Nassr,83,83,€30.5M
A. Christensen,27,FC Barcelona,83,85,€38.5M
J. Tah,27,Bayer 04 Leverkusen,83,84,€36.5M
A. Laporte,29,Al Nassr,83,84,€33.5M
N. Süle,27,Borussia Dortmund,83,85,€38.5M
A. Romagnoli,28,Lazio,83,83,€31.5M
J. Hofmann,30,Bayer 04 Leverkusen,83,83,€35M
Fabinho,29,Al Ittihad,83,83,€31M
F. Kostić,30,Juventus,83,83,€35M
Gerard Moreno,31,Villarreal,83,83,€30.5M
M. Ginter,29,SC Freiburg,83,83,€30.5M
S. Gnabry,27,FC Bayern München,83,83,€38.5M
Jorginho,31,Arsenal,83,83,€25.5M
Carvajal,31,Real Madrid,83,83,€26.5M
W. Orban,30,RB Leipzig,83,83,€30M
M. Depay,29,Atlético Madrid,83,83,€36.5M
R. Varane,30,Manchester United,83,83,€30M
F. Acerbi,35,Inter,83,83,€9.5M
K. Casteels,31,VfL Wolfsburg,83,83,€19M
Sergio Busquets,34,Inter Miami,83,83,€12.5M
K. Trapp,32,Eintracht Frankfurt,83,83,€18M
E. Džeko,37,Fenerbahçe,83,83,€12.5M
O. Giroud,36,Milan,83,83,€12.5M
Sergio Ramos,37,Sevilla,83,83,€6.5M
G. Mamardashvili,22,Valencia,82,85,€33.5M
Nico Williams,20,Athletic Club,82,88,€47.5M
Nuno Mendes,21,Paris Saint Germain,82,87,€43.5M
J. Gvardiol,21,Manchester City,82,88,€44.5M
D. Kulusevski,23,Tottenham Hotspur,82,86,€43.5M
E. Fernández,22,Chelsea,82,88,€48.5M
B. Dia,26,Salernitana,82,83,€36.5M
X. Simons,20,RB Leipzig,82,89,€60.5M
Sancet,23,Athletic Club,82,87,€46M
Pedro Porro,23,Tottenham Hotspur,82,85,€38.5M
O. Kökçü,22,Benfica,82,86,€44M
C. Gakpo,24,Liverpool,82,86,€44M
D. Livaković,28,Fenerbahçe,82,84,€26M
V. Gyökeres,25,Sporting CP,82+1,87+1,€45M
Pau Torres,26,Aston Villa,82,84,€33.5M
Pedro Gonçalves,25,Sporting CP,82,85,€40.5M
T. Koopmeiners,25,Atalanta,82,84,€38M
R. Kolo Muani,24,Paris Saint Germain,82,85,€42M
B. Kamara,23,Aston Villa,82,85,€37.5M
D. Szoboszlai,22,Liverpool,82,87,€47M
Douglas Luiz,25,Aston Villa,82,84,€38M
K. Havertz,24,Arsenal,82,87,€46M
Y. En-Nesyri,26,Sevilla,82,83,€36.5M
A. Davies,22,FC Bayern München,82,87,€43.5M
P. Schick,27,Bayer 04 Leverkusen,82,82,€33M
Lucas Paquetá,25,West Ham United,82,83-2,€36.5M
R. Le Normand,26,Real Sociedad,82,85,€35.5M
N. Molina,25,Atlético Madrid,82,85,€37M
Isi Palazón,28,Rayo Vallecano,82,82,€30.5M
M. Škriniar,28,Paris Saint Germain,82-1,82-1,€26.5M
B. White,25,Arsenal,82,84,€35M
E. Palacios,24,Bayer 04 Leverkusen,82+1,85,€41.5M
Brahim,23,Real Madrid,82,86,€43.5M
F. Kessié,26,Al Ahli Jeddah,82,84,€34M
Josué Chiamulera,31,Athletico Paranaense,82,82,€21M
Lucas Mantela,23,Palmeiras,82,82,€26M
L. Bailey,25,Aston Villa,82,83,€36.5M
Mario Hermoso,28,Atlético Madrid,82,83,€29M
M. Akanji,27,Manchester City,82,83,€30.5M
F. Mendy,28,Real Madrid,82,82,€27.5M
C. Pulisic,24,Milan,82,85,€41.5M
R. Bentancur,26,Tottenham Hotspur,82,85,€39.5M
David García,29,Osasuna,82,82,€25.5M
A. Meret,26,Napoli,82,84,€28.5M
I. Provedel,29,Lazio,82,82,€21M
L. Torreira,27,Galatasaray,82,82,€28.5M
Joelinton,26,Newcastle United,82,83,€35.5M
Malcom,26,Al Hilal,82,82,€33.5M
M. Locatelli,25,Juventus,82,86,€38.5M
David Raya,27,Arsenal,82,84,€28M
M. Zaccagni,28,Lazio,82,82,€30.5M
J. Ledesma,30,Cádiz,82,82,€20.5M
N. Fekir,29,Real Betis,82,82,€30M
Iñaki Williams,29,Athletic Club,82,82,€30M
S. Guirassy,27,VfB Stuttgart,82+1,82+1,€33M
Á. Correa,28,Atlético Madrid,82,82,€31M
P. Højbjerg,27,Tottenham Hotspur,82,83,€31M
Ricardo Horta,28,Sporting Braga,82,82,€30.5M
Anderson Talisca,29,Al Nassr,82,82,€30M
R. Andrich,28,Bayer 04 Leverkusen,82,82,€27M
Gayà,28,Valencia,82,82,€27.5M
Otávio,28,Al Nassr,82,82,€30.5M
P. Zieliński,29,Napoli,82,82,€29.5M
F. Schär,31,Newcastle United,82,82,€21M
R. Guerreiro,29,FC Bayern München,82,82,€27M
Fred,30,Fenerbahçe,82,82,€29M
N. Aké,28,Manchester City,82,83,€29M
E. Can,29,Borussia Dortmund,82,82,€26M
L. Trossard,28,Arsenal,82,82,€31M
M. Kovačić,29,Manchester City,82,82,€29.5M
L. Shaw,27,Manchester United,82,82,€29.5M
J. Pickford,29,Everton,82,83,€23.5M
M. Sabitzer,29,Borussia Dortmund,82+1,82+1,€29.5M
B. Samba,29,Lens,82,83-1,€23.5M
Iñigo Martínez,32,FC Barcelona,82,82,€20M
R. Sterling,28,Chelsea,82,82,€30.5M
Sergi Darder,29,Mallorca,82,82,€29.5M
Nacho Fernández,33,Real Madrid,82,82,€14.5M
W. Ben Yedder,32,Monaco,82,82,€24.5M
D. Tadić,34,Fenerbahçe,82,82,€14.5M
S. de Vrij,31,Inter,82,82,€21M
C. Wilson,31,Newcastle United,82,82,€25.5M
K. Navas,36,Paris Saint Germain,82-1,82-1,€3.4M
H. Mkhitaryan,34,Inter,82,82,€14.5M
B. Leno,31,Fulham,82,82,€16M
N. Otamendi,35,Benfica,82,82,€8M
L. Hrádecký,33,Bayer 04 Leverkusen,82,82,€10M
T. Müller,33,FC Bayern München,82,82,€19M
Thiago,32,Liverpool,82,82,€24M
Jordi Alba,34,Inter Miami,82,82,€11M
M. Reus,34,Borussia Dortmund,82,82,€14.5M
P. Gulácsi,33,RB Leipzig,82,82,€10M
Joselu,33,Real Madrid,82,82,€19.5M
Balde,19,FC Barcelona,81,89,€53M
D. Udogie,20,Tottenham Hotspur,81,86,€35.5M
K. Mitoma,26,Brighton & Hove Albion,81,82,€30.5M
M. Ugarte,22,Paris Saint Germain,81,86,€36.5M
M. Carnesecchi,23,Atalanta,81,87,€33M
Zubimendi,24,Real Sociedad,81,86,€35.5M
V. Boniface,22,Bayer 04 Leverkusen,81+1,86,€40M
E. Tapsoba,24,Bayer 04 Leverkusen,81,85,€33M
D. Hancko,25,Feyenoord,81,84,€30.5M
Álvaro Valles,25,Las Palmas,81,84,€26.5M
João Félix,23,FC Barcelona,81,87,€41M
M. Taremi,30,Porto,81,81,€25.5M
N. González,25,Fiorentina,81,82,€31M
D. Frattesi,23,Inter,81,85,€36.5M
P. Estupiñán,25,Brighton & Hove Albion,81,83,€29.5M
T. Kubo,22,Real Sociedad,81,88,€52.5M
N. Mazraoui,25,FC Bayern München,81,83,€29.5M
Reinildo,29,Atlético Madrid,81,81,€22.5M
Brais Méndez,26,Real Sociedad,81,82,€30M
E. Álvarez,25,West Ham United,81,84,€31M
I. Sangaré,25,Nottingham Forest,81,84,€31M
É. Mendy,31,Al Ahli Jeddah,81,81,€13.5M
Diogo Dalot,24,Manchester United,81,84,€32.5M
X. Schlager,25,RB Leipzig,81,83,€29M
D. Dumfries,27,Inter,81,81-1,€25M
J. Sancho,23,Borussia Dortmund,81,85,€37M
D. Kamada,26,Lazio,81,82,€30.5M
Richarlison,26,Tottenham Hotspur,81,83,€32.5M
A. Lookman,25,Atalanta,81,83,€33M
Oswaldinato,31,Flamengo,81,81,€22M
Nailton Suzuki,27,Atlético Mineiro,81,81,€27.5M
Welington Dano,23,Atlético Mineiro,81,81,€27M
Adriano Bisesi,31,Bragantino,81,81,€22M
Rosival Dourado,23,Corinthians,81,81,€26.5M
Adryan Zonta,31,Bragantino,81,81,€18.5M
M. Thuram,25,Inter,81,84,€34.5M
Yeray,28,Athletic Club,81,82,€24.5M
O. Zinchenko,26,Arsenal,81,82,€27.5M
A. Zambo Anguissa,27,Napoli,81,82,€26.5M
P. Kimpembe,27,Paris Saint Germain,81,83,€27.5M
E. Skhiri,28,Eintracht Frankfurt,81,82,€25M
J. Bowen,26,West Ham United,81,81,€28M
Borja Iglesias,30,Bayer 04 Leverkusen,81-1,81-1,€25.5M
E. Ünal,26,AFC Bournemouth,81,83,€32.5M
Diego Carlos,30,Aston Villa,81,81,€21M
Y. Tielemans,26,Aston Villa,81,82,€30M
A. Saint-Maximin,26,Al Ahli Jeddah,81,81,€28M
A. Kramarić,32,TSG Hoffenheim,81,81,€21M
S. Fofana,28,Al Ettifaq,81,81,€25.5M
A. Mitrović,28,Al Hilal,81,81,€26.5M
D. Zapata,32,Torino,81,81,€21M
R. Loftus-Cheek,27,Milan,81,81,€27.5M
T. Lemar,27,Atlético Madrid,81,81,€27.5M
João Mário,30,Benfica,81,81,€25M
V. Grifo,30,SC Freiburg,81,81,€25M
J. McGinn,28,Aston Villa,81+1,81+1,€25.5M
Rui Silva,29,Real Betis,81,81,€17.5M
Lucas Vázquez,32,Real Madrid,81,81,€18M
B. Cristante,28,Roma,81,81,€25.5M
William Carvalho,31,Real Betis,81,81,€18M
S. Haller,29,Borussia Dortmund,81,81,€25.5M
N. Füllkrug,30,Borussia Dortmund,81,81,€25.5M
P. Gazzaniga,31,Girona,81,81,€13.5M
A. Milik,29,Juventus,81,81,€25.5M
S. Savić,32,Atlético Madrid,81,81,€16.5M
Mário Rui,32,Napoli,81,81,€18M
Felipe Anderson,30,Lazio,81,81,€25M
M. Icardi,30,Galatasaray,81,81,€25.5M
Danilo Pereira,31,Paris Saint Germain,81,81,€17.5M
S. Berghuis,31,Ajax,81,81,€21.5M
L. Dunk,31,Brighton & Hove Albion,81,81,€17.5M
Danilo,31,Juventus,81,81,€17.5M
W. Zaha,30,Galatasaray,81,81,€25M
Isco,31,Real Betis,81,81,€21.5M
S. Coates,32,Sporting CP,81,81,€16.5M
O. Baumann,33,TSG Hoffenheim,81,81,€8.5M
A. Lacazette,32,Olympique Lyonnais,81,81,€21M
M. Götze,31,Eintracht Frankfurt,81,81,€21M
P. Aubameyang,34,Olympique de Marseille,81,81,€12.5M
T. Alderweireld,34,Antwerp,81,81,€8.5M
J. Henderson,33,Ajax,81,81,€13M
S. Kjær,34,Milan,81,81,€8.5M
E. Capoue,34,Villarreal,81,81,€12M
I. Rakitić,35,Al Shabab,81,81,€10.5M
K. Schmeichel,36,Anderlecht,81,81,€2.9M
Pepe,40,Porto,81,81,€0
W. Zaïre-Emery,17,Paris Saint Germain,80+1,90,€43.5M
Sávio,19,Girona,80,88,€45.5M
M. van de Ven,22,Tottenham Hotspur,80,86,€31M
Arnau Martínez,20,Girona,80,86,€30.5M
Gonçalo Inácio,21,Sporting CP,80,87,€40M
J. Veerman,24,PSV,80,84,€30M
A. Al Musrati,27,Beşiktaş,80,81,€21.5M
K. Adeyemi,21,Borussia Dortmund,80,87,€43M
Vivian,23,Athletic Club,80,84,€27M
S. Boey,22,FC Bayern München,80,85,€30M
M. Olise,21,Crystal Palace,80,88,€47.5M
Ibañez,24,Al Ahli Jeddah,80,84,€27M
Iván Martín,24,Girona,80,83,€28.5M
O. Kossounou,22,Bayer 04 Leverkusen,80,86,€31M
S. Chukwueze,24,Milan,80,85,€32M
Y. Fofana,24,Monaco,80,84,€27.5M
J. Todibo,23,Nice,80,85,€29M
T. Almada,22,Atlanta United,80,88,€47.5M
M. Kudus,22,West Ham United,80,86,€34M
M. Hjulmand,24,Sporting CP,80,85,€29M
A. Rrahmani,29,Napoli,80,80,€17.5M
A. Lunin,24,Real Madrid,80+2,85+1,€25.5M
M. Simakan,23,RB Leipzig,80,85,€29M
J. David,23,LOSC Lille,80,83,€29M
A. Laurienté,24,Sassuolo,80,83,€29M
A. Gordon,22,Newcastle United,80+1,85+1,€32.5M
A. Dovbyk,26,Girona,80+1,83+1,€28M
E. Elmas,23,RB Leipzig,80,86,€33.5M
T. Reijnders,24,Milan,80,85,€31.5M
J. Clauss,30,Olympique de Marseille,80-1,80-1,€18M
Pepê,26,Porto,80,80,€23M
K. Danso,24,Lens,80,83,€25.5M
J. Foyth,25,Villarreal,80,83,€25.5M
F. Medina,24,Lens,80,84,€27M
M. Terrier,26,Rennes,80,80,€23M
D. Raum,25,RB Leipzig,80+1,83+1,€25.5M
David Neres,26,Benfica,80,80,€23M
Y. Bissouma,26,Tottenham Hotspur,80,83,€25M
S. Szymański,24,Fenerbahçe,80,84,€30M
E. Eze,25,Crystal Palace,80,85,€31M
M. Edwards,24,Sporting CP,80-1,83-1,€29M
H. Barnes,25,Newcastle United,80,81,€25M
Y. Herrera,25,Girona,80,82,€26.5M
Zubeldia,26,Real Sociedad,80,83,€24.5M
M. Mount,24,Manchester United,80,83,€28.5M
W. Endo,30,Liverpool,80,80,€17.5M
F. Aursnes,27,Benfica,80,80,€20.5M
S. Banza,26,Sporting Braga,80+1,81+1,€25M
Javi Galán,28,Real Sociedad,80,80,€19M
T. Abraham,25,Roma,80,83,€28.5M
M. Almirón,29,Newcastle United,80,80,€20.5M
Pepelu,24,Valencia,80,85,€29M
Tony Abranjes,35,Internacional,80,80,€5.5M
Laure Santeiro,23,Fluminense,80,80,€24.5M
Heberto Gaúcho,27,Atlético Mineiro,80,80,€19.5M
Héniton Pires,27,Flamengo,80,80,€16M
Maikel Catarino,27,Corinthians,80,80,€20.5M
B. Chilwell,26,Chelsea,80,81,€22.5M
A. Bardakcı,28,Galatasaray,80,80,€18M
A. Wan-Bissaka,25,Manchester United,80,82,€24.5M
V. Pavlidis,24,AZ Alkmaar,80,83,€29M
André Silva,27,Real Sociedad,80,80,€23M
D. Calabria,26,Milan,80,81,€22.5M
B. Henrichs,26,RB Leipzig,80,81,€22.5M
Nuno Santos,28,Sporting CP,80,80,€21M
E. Konsa,25,Aston Villa,80,82,€23.5M
K. Tierney,26,Real Sociedad,80,82,€24M
Fabián Ruiz,27,Paris Saint Germain,80,80,€22.5M
G. Lo Celso,27,Tottenham Hotspur,80,80,€22.5M
Aritz Elustondo,29,Real Sociedad,80,80,€17.5M
D. Bouanga,28,Los Angeles FC,80,80,€21M
A. Golovin,27,Monaco,80,80,€23M
Álex Berenguer,27,Athletic Club,80,80,€22.5M
J. Gomez,26,Liverpool,80,83,€24.5M
A. Marušić,30,Lazio,80,80,€18M
David Soria,30,Getafe,80,80,€14M
V. Rongier,28,Olympique de Marseille,80,80,€18.5M
V. Muriqi,29,Mallorca,80,80,€21M
J. Omlin,29,Borussia Mönchengladbach,80,81,€16M
M. Pašalić,28,Atalanta,80,80,€21M
J. Weigl,27,Borussia Mönchengladbach,80,81,€21.5M
H. Lozano,27,PSV,80-1,80-1,€22.5M
H. Traoré,31,Real Sociedad,80,80,€15.5M
Álex Moreno,30,Aston Villa,80,80,€18M
M. Politano,29,Napoli,80,80,€20.5M
G. Rulli,31,Ajax,80,80,€11M
B. Bourigeaud,29,Rennes,80,80,€20.5M
I. Toney,27,Brentford,80,80,€23M
T. Werner,27,Tottenham Hotspur,80,80,€22.5M
O. Vlachodimos,29,Nottingham Forest,80,80-2,€14.5M
M. Flekken,30,Brentford,80,80,€14M
H. Mukhtar,28,Nashville SC,80,80,€21.5M
H. Ziyech,30,Galatasaray,80,80,€20.5M
M. de Roon,32,Atalanta,80,80,€14M
Saúl,28,Atlético Madrid,80-1,80-1,€21M
Kepa,28,Real Madrid,80,82,€18M
M. Arnold,29,VfL Wolfsburg,80,80,€18M
T. Savanier,31,Montpellier,80,80,€17.5M
L. Ocampos,28,Sevilla,80,80,€21M
Ruiz de Galarreta,29,Athletic Club,80,80,€20.5M
H. Maguire,30,Manchester United,80,80,€17.5M
L. Spinazzola,30,Roma,80,80,€18M
Suso,29,Sevilla,80,80,€20.5M
Roberto Firmino,31,Al Ahli Jeddah,80,80,€18M
J. Veretout,30,Olympique de Marseille,80,80,€20M
David López,33,Girona,80,80,€10M
G. Kondogbia,30,Olympique de Marseille,80-1,80-1,€20M
C. Biraghi,30,Fiorentina,80,80,€18M
H. Vanaken,30,Club Brugge,80,80,€20.5M
L. Unnerstall,32,FC Twente,80,80,€10.5M
Oriol Romeu,31,FC Barcelona,80,80,€15M
Sergi Roberto,31,FC Barcelona,80,80,€15.5M
A. Lopes,32,Olympique Lyonnais,80,80,€10.5M
L. Insigne,32,Toronto,80,80,€16.5M
Jonathan Viera,33,Almería,80,80,€13M
J. Matip,31,Liverpool,80,80,€14.5M
N. Gudelj,31,Sevilla,80,80,€14.5M
A. Areola,30,West Ham United,80,80,€14M
N. Matić,34,Olympique Lyonnais,80,80,€7M
P. Groß,32,Brighton & Hove Albion,80,80,€16.5M
C. Eriksen,31,Manchester United,80,80,€17.5M
De Marcos,34,Athletic Club,80,80,€7.5M
L. de Jong,32,PSV,80,80,€17M
A. Sánchez,34,Inter,80,80,€10.5M
M. Darmian,33,Inter,80,80,€10M
M. Arnautović,34,Inter,80,80,€10.5M
Yuri Berchiche,33,Athletic Club,80,80,€11M
F. Muslera,37,Galatasaray,80,80,€2.3M
Rui Patrício,35,Roma,80,80,€2.3M
A. Witsel,34,Atlético Madrid,80,80,€7M
H. Lloris,36,Los Angeles FC,80,80,€2.3M
Raúl Albiol,37,Villarreal,80,80,€3.8M
Jesús Navas,37,Sevilla,80,80,€4.7M
G. Ochoa,37,Salernitana,80,80,€2.3M
António Silva,19,Benfica,79,87-1,€35.5M
Éderson,23,Atalanta,79,84,€26.5M
B. Barcola,20,Paris Saint Germain,79+1,86,€35M
Yeremy Pino,20,Villarreal,79,87,€38.5M
Carlos Augusto,24,Inter,79,82,€24M
C. Palmer,21,Chelsea,79+2,87+3,€39.5M
Gonçalo Ramos,22,Paris Saint Germain,79,86,€36M
Evanilson,23,Porto,79,84,€27M
P. Hincapié,21,Bayer 04 Leverkusen,79,86,€33M
M. Caicedo,21,Chelsea,79,86,€33.5M
Antony,23,Manchester United,79,84,€26.5M
Matheus Nunes,24,Manchester City,79,84,€26.5M
Beto,25,Everton,79,79,€20M
J. Timber,22,Arsenal,79,86,€33M
L. Chevalier,21,LOSC Lille,79,85,€23M
Samuel Lino,23,Atlético Madrid,79,84,€26.5M
J. Doku,21,Manchester City,79,87,€39.5M
Arthur Cabral,25,Benfica,79,82-1,€23.5M
R. Gravenberch,21,Liverpool,79,86,€35.5M
A. Bah,25,Benfica,79,82,€21.5M
S. Giménez,22,Feyenoord,79-1,84-1,€27.5M
N. Aguerd,27,West Ham United,79,81,€18.5M
T. Teuma,29,Stade de Reims ,79,79,€17M
Catena,28,Osasuna,79,80,€16.5M
Lee Kang In,22,Paris Saint Germain,79,86,€35.5M
A. Buongiorno,24,Torino,79,85,€25M
B. Mbeumo,23,Brentford,79,82,€24M
C. Doucouré,23,Crystal Palace,79,84,€24.5M
C. Jones,22,Liverpool,79,83,€25.5M
C. Baumgartner,23,RB Leipzig,79,84,€26.5M
H. Morita,28,Sporting CP,79,79,€17.5M
P. Schuurs,23,Torino,79,84,€24M
L. Geertruida,22,Feyenoord,79,84,€25M
N. Vlašić,25,Torino,79,81,€22.5M
Matheus Cunha,24,Wolverhampton Wanderers,79,83,€25.5M
N. Casale,25,Lazio,79,82,€20.5M
N. Lang,24,PSV,79,84,€26.5M
Marc Cucurella,24,Chelsea,79,83+1,€23.5M
E. Pinnock,30,Brentford,79,79,€14.5M
Pedro Neto,23,Wolverhampton Wanderers,79,83,€25M
A. Haidara,25,RB Leipzig,79,82,€23M
C. Gallagher,23,Chelsea,79,83+1,€25M
N. Milenković,25,Fiorentina,79,82,€20.5M
V. Castellanos,24,Lazio,79,83,€25.5M
D. Muñoz,27,Crystal Palace,79,80,€18.5M
T. Souček,28,West Ham United,79,79,€15.5M
R. Koch,26,Eintracht Frankfurt,79,81,€19M
M. Guendouzi,24,Lazio,79,83,€25M
Luiz Felipe,26,Al Ittihad,79,82,€20.5M
M. Di Gregorio,25,Monza,79,83,€19M
M. Lazzari,29,Lazio,79,79,€15.5M
J. Schouten,26,PSV,79,81,€19.5M
L. Robertone,26,Almería,79,80,€20.5M
Florentino,23,Benfica,79,84,€24.5M
E. Reynoso,27,Minnesota United,79,79,€18.5M
R. Orsolini,26,Bologna,79,79,€19M
D. Henderson,26,Crystal Palace,79,82,€17.5M
M. Arambarri,27,Getafe,79,79,€16.5M
D. Lukébakio,25,Sevilla,79,80,€21M
P. Lienhart,26,SC Freiburg,79,80,€18M
Guruzeta,26,Athletic Club,79,80,€21M
Gabri Prestão,31,Internacional,79,79,€9.5M
Melvin Parrela,23,Bragantino,79,79,€18M
Jorge Andrão,27,Fluminense,79,79,€16.5M
Adnan Vidual,31,Internacional,79,79,€12.5M
Diego Essler,23,Atlético Mineiro,79,79,€18.5M
Emelvinson,35,Bragantino,79,79,€1.9M
A. Disasi,25,Chelsea,79,83,€22M
R. Krunić,29,Fenerbahçe,79,79,€17M
W. Anton,26,VfB Stuttgart,79+1,80+1,€18M
D. Zakaria,26,Monaco,79,82,€20.5M
Robert Sánchez,25,Chelsea,79,82,€18M
E. Ávila,29,Real Betis,79,79,€17.5M
E. Audero,26,Inter,79,82,€17.5M
Nélson Semedo,29,Wolverhampton Wanderers,79,79,€15.5M
M. Cash,25,Aston Villa,79,80,€19M
W. Ndidi,26,Leicester City,79,80,€18.5M
G. Scamacca,24,Atalanta,79,84,€27M
Kaku,28,Al Ain,79,79,€17.5M
N. Mukiele,25,Paris Saint Germain,79,81,€20M
E. Buendía,26,Aston Villa,79,79,€19M
J. Andersen,27,Crystal Palace,79,81,€18.5M
S. Amrabat,26,Manchester United,79,82,€20.5M
H. Martín,30,Mexico,79,79,€0
R. Gosens,28,FC Union Berlin,79,79,€16M
Dani Ceballos,26,Real Madrid,79,80,€20.5M
L. Chávez,27,Mexico,79,79,€0
L. Klostermann,27,RB Leipzig,79,80,€17.5M
V. Lindelöf,28,Manchester United,79,80,€16.5M
L. Acosta,29,Cincinnati,79,79,€17M
Pablo Maffeo,25,Mallorca,79,82,€21.5M
Pau López,28,Olympique de Marseille,79-1,80-1,€14M
R. Tapia,27,Celta de Vigo,79,79,€16.5M
A. Sørloth,27,Villarreal,79,79,€19M
Álvaro García,30,Rayo Vallecano,79,79,€17M
D. Zappacosta,31,Atalanta,79,79,€12.5M
Ayoze Pérez,29,Real Betis,79,79,€17M
L. Zelarayán,31,Al Fateh,79,79,€14.5M
W. Benítez,30,PSV,79,79,€11.5M
J. Musso,29,Atalanta,79,80,€13.5M
S. Azmoun,28,Roma,79,79,€18M
M. Lemina,29,Wolverhampton Wanderers,79,79,€15M
Medrán,29,Al Ettifaq,79,79,€17M
Alex Telles,30,Al Nassr,79,79,€15M
José Sá,30,Wolverhampton Wanderers,79,79,€11.5M
T. Mings,30,Aston Villa,79,79,€14.5M
S. Dimitrievski,29,Rayo Vallecano,79,79,€12M
C. McGregor,30,Celtic,79,79,€14.5M
Carles Gil,30,New England,79,79,€17M
C. Mbemba,28,Olympique de Marseille,79,80,€16.5M
S. Al Dawsari,31,Al Hilal,79,79,€14.5M
Ricardo Pereira,29,Leicester City,79,79,€15.5M
C. Günter,30,SC Freiburg,79,79,€15M
Óliver Torres,28,Sevilla,79,79,€17.5M
E. Forsberg,31,New York RB,79,79,€14.5M
Matheus,30,Sporting Braga,79,79,€11.5M
S. Kolašinac,30,Atalanta,79,79,€14.5M
S. March,28,Brighton & Hove Albion,79,79,€17.5M
Moi Gómez,29,Osasuna,79,79,€17M
P. Terracciano,33,Fiorentina,79,79,€5.5M
E. Višća,33,Trabzonspor,79,79,€11M
J. Ward-Prowse,28,West Ham United,79,79,€17.5M
K. Zouma,28,West Ham United,79,80,€16.5M
J. Tarkowski,30,Everton,79,79,€14.5M
Deulofeu,29,Udinese,79,79,€17.5M
R. Freuler,31,Bologna,79+1,79+1,€12.5M
F. Rønnow,30,FC Union Berlin,79,79,€11.5M
L. Digne,29,Aston Villa,79,79,€15.5M
S. Ortega,30,Manchester City,79,79,€11.5M
G. Trauner,31,Feyenoord,79,79,€12M
M. Sels,31,Nottingham Forest,79,79,€9.5M
J. Clasie,32,AZ Alkmaar,79,79,€11.5M
L. Muriel,32,Orlando City,79,79,€14M
V. Aboubakar,31,Beşiktaş,79,79,€15M
M. Perin,30,Juventus,79,79,€11.5M
J. Tavernier,31,Rangers,79,79,€12.5M
J. Cuadrado,35,Inter,79,79,€7M
Ander Herrera,33,Athletic Club,79,79,€11M
S. El Shaarawy,30,Roma,79,79,€17M
B. André,32,LOSC Lille,79,79,€11.5M
Muniain,30,Athletic Club,79,79,€17M
F. Coquelin,32,Villarreal,79,79,€14M
G. Bonaventura,33,Fiorentina,79,79,€11M
Rafael Tolói,32,Atalanta,79,79,€11.5M
Azpilicueta,33,Atlético Madrid,79,79,€8.5M
L. Bonucci,36,Fenerbahçe,79,79,€3.1M
G. Wijnaldum,32,Al Ettifaq,79-1,79-1,€14M
É. Banega,35,Newell's Old Boys,79,79,€7M
D. Ospina,34,Al Nassr,79,79,€3M
D. Mertens,36,Galatasaray,79,79,€5.5M
C. Bravo,40,Real Betis,79,79,€1.9M
S. Mignolet,35,Club Brugge,79,79,€1.9M
J. Vertonghen,36,Anderlecht,79,79,€3.1M
E. Lamela,31,Sevilla,79,79,€14.5M
Ł. Fabiański,38,West Ham United,79,79,€1.9M
S. Mandanda,38,Rennes,79,79,€1.9M
Dante,39,Nice,79,79,€3.1M
O. Diomande,19,Sporting CP,78,86,€28.5M
F. Gatti,25,Juventus,78,82,€17.5M
J. Bakayoko,20,PSV,78,87,€31M
C. Lukeba,20,RB Leipzig,78,85,€26M
Miguel Gutiérrez,21,Girona,78,85,€27M
Rodri,23,Real Betis,78,86,€31M
R. Højlund,20,Manchester United,78,89,€31M
M. Gusto,20,Chelsea,78+1,86,€29.5M
Yan Couto,21,Girona,78,85,€28.5M
Gabri Veiga,21,Al Ahli Jeddah,78,87-2,€31.5M
O. Marmoush,24,Eintracht Frankfurt,78,81,€19.5M
J. Šutalo,23,Ajax,78,84,€20M
W. Pacho,21,Eintracht Frankfurt,78,85,€26.5M
P. Kalulu,23,Milan,78,85,€26M
G. Raspadori,23,Napoli,78,85,€28.5M
W. Singo,22,Monaco,78,84,€20.5M
Riquelme,23,Atlético Madrid,78,84,€22M
A. Colpani,24,Monza,78,85,€28.5M
B. Brobbey,21,Ajax,78,86,€32M
S. Dest,22,PSV,78,83,€20M
Renan Lodi,25,Al Hilal,78,81,€17M
C. De Ketelaere,22,Atalanta,78,84,€22.5M
K. Laba,31,Al Ain,78,78,€12M
J. Zirkzee,22,Bologna,78,86,€32M
A. Trubin,21,Benfica,78,86,€27.5M
M. Wieffer,23,Feyenoord,78,84,€20.5M
W. Fofana,22,Chelsea,78-1,84,€20.5M
Moncayola,25,Osasuna,78,83,€20.5M
F. Balogun,21,Monaco,78,84,€23M
K. Thuram,22,Nice,78,83,€21.5M
A. Espino,31,Rayo Vallecano,78,78,€10M
J. Ramsey,22,Aston Villa,78,83,€21.5M
F. Nmecha,22,Borussia Dortmund,78,84,€22.5M
Fran García,23,Real Madrid,78,85,€27M
M. Greenwood,21,Getafe,78,85,€28.5M
G. Reyna,20,Nottingham Forest,78,84,€22M
Eric García,22,Girona,78,83,€19.5M
Trincão,23,Sporting CP,78+1,84+1,€22M
V. Coufal,30,West Ham United,78,78,€12M
L. Majer,25,VfL Wolfsburg,78,81,€18.5M
D. Undav,26,VfB Stuttgart,78,78,€15.5M
De Frutos,26,Rayo Vallecano,78,78,€15.5M
L. Balerdi,24,Olympique de Marseille,78+1,83+1,€19M
A. Saelemaekers,24,Bologna,78,82,€20M
K. Mavropanos,25,West Ham United,78,82,€17.5M
P. Rajković,27,Mallorca,78,81,€14M
J. Wind,24,VfL Wolfsburg,78,81,€19.5M
M. Guéhi,22,Crystal Palace,78,84,€20.5M
Miranda,23,Real Betis,78,84,€21M
A. Gouiri,23,Rennes,78,81,€19M
M. O'Riley,22,Celtic,78+1,86+1,€31.5M
M. Nzola,26,Fiorentina,78,79,€17M
E. Smith Rowe,22,Arsenal,78,84,€22.5M
A. Skov Olsen,23,Club Brugge,78,83,€21M
E. Zhegrova,24,LOSC Lille,78,81,€19M
M. Pessina,26,Monza,78,79-2,€16.5M
Galeno,25,Porto,78,79,€17M
N. Maksimović,28,Getafe,78,78,€14M
E. Demirović,25,FC Augsburg,78,81,€19M
W. McKennie,24,Juventus,78,80,€18M
Rodrigo Becão,27,Fenerbahçe,78,80,€15M
M. Bułka,23,Nice,78,85,€24M
N. Zaniolo,23,Aston Villa,78-1,81+1,€19M
K. Dewsbury-Hall,24,Leicester City,78,81,€19M
J. Willock,23,Newcastle United,78,83,€21M
M. Berisha,25,TSG Hoffenheim,78,81,€19M
S. McTominay,26,Manchester United,78,79,€15M
Cucho Hernández,24,Columbus Crew,78,83,€21.5M
A. Barák,28,Fiorentina,78,78,€14M
M. Kean,23,Juventus,78,85,€28.5M
E. Ndicka,23,Roma,78,83,€19M
A. Danjuma,26,Everton,78,78,€15.5M
M. Gibbs-White,23,Nottingham Forest,78,82,€20M
Fran Beltrán,24,Celta de Vigo,78-1,82-1,€18.5M
E. Sánchez,23,Mexico,78,83,€0
F. Kadıoğlu,23,Fenerbahçe,78,83,€20M
J. Quiñones,26,Mexico,78,79,€0
Marcão,27,Sevilla,78,81,€16M
Carlos Soler,26,Paris Saint Germain,78,79,€16.5M
L. Sinisterra,24,AFC Bournemouth,78,82,€20M
T. Tomiyasu,24,Arsenal,78,83,€20M
J. Ito,30,Stade de Reims ,78,78,€13.5M
D. Doekhi,25,FC Union Berlin,78,80,€15.5M
Caio Henrique,25,Monaco,78,81,€17M
L. Jović,25,Milan,78,80,€18M
J. Bijlow,25,Feyenoord,78,81,€14.5M
R. Malinovskyi,30,Genoa,78,78,€13.5M
A. Lafont,24,Nantes,78,81,€15M
R. Del Castillo,27,Stade Brestois 29,78,78,€15M
G. Montiel,26,Nottingham Forest,78,79,€15M
Renato Sanches,25,Roma,78,81,€18.5M
Arthur,26,Fiorentina,78,79,€16.5M
Matheus Reis,28,Sporting CP,78,79,€13.5M
Jonatão Praz,23,Flamengo,78,78,€16M
Jason Bardeira,23,Corinthians,78,78,€16.5M
Fredditinho,35,Palmeiras,78,78,€6M
Arturo Inálcio,23,Flamengo,78,78,€16M
Guilson Paiva,27,Flamengo,78,78,€15M
Albertinho Dutra,31,São Paulo,78,78,€11.5M
Hediselton,23,Bragantino,78,78,€15M
Pedrão Tofico,27,Flamengo,78,78,€13M
Zervandro,23,Internacional,78,78,€14M
Wellington Sabrão,35,Flamengo,78,78,€4.3M
Gerson Armão,23,Internacional,78,78,€15M
J. Aidoo,27,Celta de Vigo,78,80,€15M
P. Lees-Melou,30,Stade Brestois 29,78,78,€12M
J. Ryerson,25,Borussia Dortmund,78,79,€15.5M
S. Sensi,27,Inter,78,78,€15M
D. Sow,26,Sevilla,78,79,€16.5M
A. Robinson,25,Fulham,78,79,€15.5M
B. van den Boomen,27,Ajax,78,78,€15M
L. García,25,AEK Athens,78,81,€19M
Borja Mayoral,26,Getafe,78,79,€17M
Pedraza,27,Villarreal,78,78,€13.5M
L. Haraslín,27,Sparta Praha,78,78,€15M
M. Dmitrović,31,Sevilla,78,78,€7.5M
A. Batalla,27,Granada,78,80,€13M
T. Minamino,28,Monaco,78,78,€14.5M
Hwang Hee Chan,27,Wolverhampton Wanderers,78,78,€15M
N. Pépé,28,Trabzonspor,78,78,€14M
S. Bergwijn,25,Ajax,78,79,€17M
O. Boscagli,25,PSV,78,80,€15.5M
J. Butez,28,Antwerp,78,79,€11M
G. Castrovilli,26,Fiorentina,78,79,€16.5M
Joan Jordán,28,Sevilla,78-1,78-1,€14M
R. Bensebaini,28,Borussia Dortmund,78,78,€12.5M
M. Schwäbe,28,FC Köln,78,79-2,€11M
M. Lopez,25,Fiorentina,78,81,€18.5M
Sergio Herrera,30,Osasuna,78,79,€10.5M
A. Nübel,26,VfB Stuttgart,78,80,€13M
S. Posch,26,Bologna,78,81,€17M
D. Dibusz,32,Ferencváros,78,78,€7M
J. Gradit,30,Lens,78,78,€11.5M
S. Driussi,27,Austin,78,78,€15M
F. Honorat,26,Borussia Mönchengladbach,78,78,€15.5M
D. Sánchez,27,Galatasaray,78,79,€14M
Angeliño,26,Roma,78,79,€15M
S. Benrahma,27,Olympique Lyonnais,78,78,€15M
Diego Rico,30,Getafe,78,78,€12M
M. Dúbravka,34,Newcastle United,78,78,€2.4M
A. Sanabria,27,Torino,78,78,€15M
P. Ciurria,28,Monza,78,78,€14M
Paulinho,30,Sporting CP,78,78,€14M
Morales,35,Villarreal,78,78,€6M
A. Miranchuk,27,Atalanta,78,78,€15M
G. Cuéllar,30,Al Shabab,78-1,78-1,€12M
J. Lerma,28,Crystal Palace,78,78,€12.5M
N. Bentaleb,28,LOSC Lille,78,78,€12.5M
Diego Llorente,29,Roma,78,78,€12M
P. Frankowski,28,Lens,78,78,€12.5M
K. Demirbay,29,Galatasaray,78,78,€13.5M
N. Tagliafico,30,Olympique Lyonnais,78,78,€12M
Rubén García,29,Osasuna,78,78,€14M
Emerson,28,West Ham United,78,78,€12.5M
G. Laborde,29,Nice,78,78,€14M
Romarinho,32,Al Ittihad,78,78,€11M
A. Belotti,29,Fiorentina,78,78,€14M
R. Saïss,33,Al Shabab,78,78,€6.5M
B. Djimsiti,30,Atalanta,78,78,€11.5M
J. Veltman,31,Brighton & Hove Albion,78,78,€10M
Felipe,34,Nottingham Forest,78,78,€4.6M
A. Webster,28,Brighton & Hove Albion,78,78,€12M
L. Paredes,29,Roma,78,78,€13.5M
T. Stepanenko,33,Shakhtar Donetsk,78,78,€7M
S. Johnstone,30,Crystal Palace,78,78,€9.5M
Y. Mvogo,29,Lorient,78,79,€11M
J. Blaswich,32,RB Leipzig,78,78,€7M
E. Dier,29,FC Bayern München,78,78,€12M
Ismaily,33,LOSC Lille,78,78,€7.5M
M. Bizot,32,Stade Brestois 29,78,78,€7M
Campaña,30,Las Palmas,78,78,€13.5M
M. Gregoritsch,29,SC Freiburg,78,78,€14M
M. Riemann,34,VfL Bochum 1848,78,78,€2.4M
M. Ryan,31,AZ Alkmaar,78,78,€7.5M
A. Oxlade-Chamberlain,29,Beşiktaş,78,78,€13.5M
Dani Rodríguez,35,Mallorca,78,78,€6M
Marc Bartra,32,Real Betis,78,78,€9M
D. Burn,31,Newcastle United,78,78,€9.5M
Juanmi,30,Cádiz,78,78,€13.5M
S. Aurier,30,Galatasaray,78,78,€12M
K. Kampl,32,RB Leipzig,78,78,€11M
Neto,33,AFC Bournemouth,78,78,€4.6M
R. Pereyra,32,Udinese,78,78,€11M
K. Manolas,32,Salernitana,78,78,€9M
Marcos Alonso,32,FC Barcelona,78,78,€9.5M
D. Blind,33,Girona,78,78,€6.5M
M. Silvestri,32,Udinese,78,78,€7M
M. Antonio,33,West Ham United,78,78,€9M
Guaita,36,Celta de Vigo,78,78,€1.6M
B. Mee,33,Brentford,78,78,€6.5M
Pedro,35,Lazio,78,78,€6M
C. Stuani,36,Girona,78,78,€4.8M
Adán,36,Sporting CP,78-1,78-1,€1.6M
S. Romero,36,Boca Juniors,78,78,€1.6M
A. Candreva,36,Salernitana,78,78,€4.8M
Marcelo Grohe,36,Al Ittihad,78,78,€1.6M
A. Consigli,36,Sassuolo,78,78,€1.6M
H. Herrera,33,Houston Dynamo,78,78,€8.5M
João Gomes,22,Wolverhampton Wanderers,77,84,€20M
João Neves,18,Benfica,77+1,88+1,€22M
Igor Paixão,23,Feyenoord,77,83,€16.5M
Q. Hartman,21,Feyenoord,77,83,€16M
Đ. Petrović,23,Chelsea,77+1,84+2,€18M
T. Baldanzi,20,Roma,77,87,€23M
G. Scalvini,19,Atalanta,77,87,€21M
Moleiro,19,Las Palmas,77,87,€23M
S. Rahimi,27,Al Ain,77,77,€11M
A. Güler,18,Real Madrid,77,88,€22M
Vanderson,22,Monaco,77,84,€20.5M
T. Livramento,20,Newcastle United,77,85,€22M
M. Uzuni,28,Granada,77,77,€11M
Francisco Conceição,20,Porto,77+1,84,€21M
A. Varela,21,Porto,77,84,€20M
B. Šeško,20,RB Leipzig,77,86,€23.5M
E. Wahi,20,Lens,77,84,€21M
P. Sarr,20,Tottenham Hotspur,77,83,€16.5M
Aitor Paredes,23,Athletic Club,77+1,81,€13.5M
N. Jackson,22,Chelsea,77,84+1,€21.5M
F. Parisi,22,Fiorentina,77,86,€22.5M
A. Cambiaso,23,Juventus,77,84,€20M
I. Ilić,22,Torino,77,85,€23.5M
J. Juranović,27,FC Union Berlin,77,77,€10M
João Mário,23,Porto,77,82,€15M
Álex Baena,21,Villarreal,77,83,€17M
A. Theate,23,Rennes,77,81,€13.5M
A. Stach,24,TSG Hoffenheim,77,80,€14.5M
A. Onana,21,Everton,77,83,€15.5M
Fábio Vieira,23,Arsenal,77,83,€16.5M
A. Truffert,21,Rennes,77,81,€14.5M
A. Adli,23,Bayer 04 Leverkusen,77,84,€21.5M
L. Badé,23,Sevilla,77,84,€19.5M
N. Rovella,21,Lazio,77,86,€23.5M
T. Moffi,24,Nice,77,81,€15.5M
O. Dorley,24,Slavia Praha,77,81,€14M
P. Wimmer,22,VfL Wolfsburg,77,83,€17M
M. Bard,22,Nice,77,82,€15M
Ansu Fati,20,Brighton & Hove Albion,77-1,85-3,€23M
L. Krejčí,24,Sparta Praha,77,84,€19.5M
Q. Timber,22,Feyenoord,77,84,€21.5M
B. Johnson,22,Tottenham Hotspur,77,83,€17M
Kirian,27,Las Palmas,77,77,€11M
A. Stiller,22,VfB Stuttgart,77+1,80,€14.5M
Thierry Correia,24,Valencia,77,82,€15M
J. Branthwaite,21,Everton,77,86,€22M
Edgar,26,Almería,77,80,€12M
Emerson Royal,24,Tottenham Hotspur,77,79,€12.5M
M. Solomon,23,Tottenham Hotspur,77,82,€16M
Bryan Gil,22,Tottenham Hotspur,77,83,€17M
M. Camara,23,Monaco,77,82,€14.5M
M. Caqueret,23,Olympique Lyonnais,77,81,€15M
E. Le Fée,23,Rennes,77,83,€16.5M
M. Mudryk,22,Chelsea,77,84,€21.5M
H. Elliott,20,Liverpool,77,85,€23M
K. Despodov,26,PAOK,77,77,€11.5M
K. Furuhashi,28,Celtic,77,77,€11M
M. Kilman,26,Wolverhampton Wanderers,77,81,€13M
Reguilón,26,Brentford,77,78,€11.5M
J. Teze,23,PSV,77,82,€15M
M. Shaparenko,24,Dynamo Kyiv,77,82,€16M
Luís Maximiano,24,Almería,77,81,€12M
B. Sosa,25,Ajax,77,80,€13M
Hugo Duro,23,Valencia,77,81,€15.5M
Y. Sugawara,23,AZ Alkmaar,77,80,€13.5M
Riqui Puig,23,LA Galaxy,77+1,82+1,€16M
R. Aït-Nouri,22,Wolverhampton Wanderers,77,83,€16M
B. Badiashile,22,Chelsea,77,83,€15.5M
R. Faivre,24,AFC Bournemouth,77,80,€14.5M
N. Okafor,23,Milan,77,84,€21.5M
Stephen Eustáquio,26,Porto,77-1,79-1,€11.5M
M. Barrow,24,Al Taawon,77,82,€16M
L. Ferguson,23,Bologna,77,82,€16M
Luis Milla,28,Getafe,77,77,€10.5M
C. Führich,25,VfB Stuttgart,77,78,€12.5M
M. Retegui,24,Genoa,77,84,€21.5M
A. Nwakaeme,34,Al Fayha,77,77,€5M
O. Skipp,22,Tottenham Hotspur,77,82,€15M
Junior Messias,32,Genoa,77,77,€8.5M
Unai Núñez,26,Celta de Vigo,77,80,€12M
Y. Moukoko,18,Borussia Dortmund,77,87,€22.5M
M. Olivera,25,Napoli,77,80,€13M
R. Baku,25,VfL Wolfsburg,77,80,€13M
J. Beste,24,Heidenheim,77,80,€14.5M
O. Alderete,26,Getafe,77,80,€12M
S. Kalajdžić,25,Eintracht Frankfurt,77,79,€13.5M
G. Giakoumakis,28,Atlanta United,77,77,€11M
D. Zagadou,24,VfB Stuttgart,77,79,€12M
M. Demiral,25,Al Ahli Jeddah,77,81,€13M
T. Malacia,23,Manchester United,77,82,€15M
A. Guðmundsson,26,Genoa,77,78,€12.5M
N. Domínguez,25,Nottingham Forest,77,82,€14M
S. Bueno,24,Wolverhampton Wanderers,77,82,€14.5M
S. Longstaff,25,Newcastle United,77,80,€14M
R. Alvarado,24,Mexico,77,80,€0
J. Kluivert,24,AFC Bournemouth,77,82,€16M
C. Stengs,24,Feyenoord,77,81,€15M
E. Barco,24,River Plate,77,80,€14.5M
C. Ünder,25,Fenerbahçe,77,78,€12.5M
C. Kouamé,25,Fiorentina,77,80,€14M
V. Nelsson,24,Galatasaray,77,80,€13M
G. Konan,27,Al Fayha,77,77,€10M
Y. Diouf,23,Stade de Reims ,77,82,€13M
T. Ndombele,26,Galatasaray,77,78,€12.5M
M. Moreno,28,Lanús,77,77,€10.5M
S. Özcan,25,Borussia Dortmund,77,79,€12M
F. Neuhaus,26,Borussia Mönchengladbach,77,78,€12.5M
Y. Wissa,26,Brentford,77,77,€11.5M
J. Mæhle,26,VfL Wolfsburg,77,79,€12M
J. Ikoné,25,Fiorentina,77,80,€14M
Gedson Fernandes,24,Beşiktaş,77-1,82-1,€16M
H. Ito,24,VfB Stuttgart,77+1,80,€13M
A. El Mahdioui,27,Al Taawon,77,78,€11M
R. Sallai,26,SC Freiburg,77,77,€11.5M
Dodô,24,Fiorentina,77,81,€14M
A. Afif,26,Qatar,77,77,€0
H. Cuypers,26,Chicago Fire,77,78,€12.5M
T. Adams,24,AFC Bournemouth,77,79,€12.5M
R. Doan,25,SC Freiburg,77,78-1,€12.5M
K. Tsimikas,27,Liverpool,77,78,€11M
Ç. Söyüncü,27,Fenerbahçe,77,78,€10.5M
M. Wöber,25,Borussia Mönchengladbach,77,79,€11.5M
I. Diop,26,Fulham,77,79,€11.5M
Rafa Mir,26,Sevilla,77,80,€14M
U. Sadiq,26,Real Sociedad,77,78,€12.5M
L. Blas,25,Rennes,77,78,€12.5M
T. Awoniyi,25,Nottingham Forest,77,80,€14M
Lucas Perri,25,Olympique Lyonnais,77,82,€12.5M
Sidney Pessinho,31,Internacional,77,77,€7.5M
Murildo Kauê,23,Palmeiras,77,77,€12M
Victorio Jabim,27,Palmeiras,77,77,€10M
Rodrigo Vuarte,31,Atlético Mineiro,77,77,€7.5M
Jadsinho Mei,27,Flamengo,77,77,€10M
Andeson Trigo,35,Fluminense,77,77,€3.2M
Wagner Laranjo,39,Palmeiras,77,77,€2.1M
Claudio Coíntra,27,Palmeiras,77,77,€11M
Enzo Chissano,31,Palmeiras,77,77,€7.5M
Leander Baia,35,Atlético Mineiro,77,77,€3.2M
L. Nmecha,24,VfL Wolfsburg,77,82,€16M
C. Montes,26,Almería,77,80,€12M
Rubén Alcaraz,32,Cádiz,77,77,€8.5M
M. Jensen,27,Brentford,77,77,€11M
B. Heynen,26,Genk,77,78,€12.5M
M. Svanberg,24,VfL Wolfsburg,77,80,€14.5M
L. Martínez Quarta,27,Fiorentina,77,80,€12M
G. Prömel,28,TSG Hoffenheim,77,77,€10.5M
C. Carter-Vickers,25,Celtic,77,82,€14M
M. Mittelstädt,26,VfB Stuttgart,77,78,€11.5M
F. Sotoca,32,Lens,77,77,€8.5M
J. St. Juste,26,Sporting CP,77,80,€12M
V. Janssen,29,Antwerp,77,77,€10.5M
U. Çakır,27,Trabzonspor,77-1,79-1,€9.5M
M. Niakhaté,27,Nottingham Forest,77,79,€11M
D. Solanke,25,AFC Bournemouth,77,79,€13.5M
Lekue,30,Athletic Club,77+1,77+1,€9M
İ. Kahveci,27,Fenerbahçe,77,77,€11M
N. Amiri,26,FSV Mainz 05,77,78,€12.5M
J. Bamba,27,Celta de Vigo,77,77,€11M
V. Milinković-Savić,26,Torino,77,81,€11.5M
R. Henry,25,Brentford,77,78,€11.5M
J. Boga,26,Nice,77,77,€11.5M
Gonçalo Guedes,26,Villarreal,77,78,€12.5M
K. Phillips,27,West Ham United,77,78,€11M
J. Rodríguez,29,Portland Timbers,77,77,€10.5M
W. Weghorst,30,TSG Hoffenheim,77,77,€10.5M
R. Aguilar,30,Lens,77,77,€9M
R. Karsdorp,28,Roma,77,77,€10.5M
B. Embolo,26,Monaco,77,78,€12.5M
N. Elvedi,26,Borussia Mönchengladbach,77,78,€11M
D. Calvert-Lewin,26,Everton,77,78,€12.5M
N. Eliasson,27,AEK Athens,77+2,77+2,€11M
A. Živković,26,PAOK,77,77,€11.5M
P. Billing,27,AFC Bournemouth,77,78,€12M
D. Gray,27,Al Ettifaq,77,77,€11M
H. Hateboer,29,Atalanta,77,77,€9.5M
M. Vecino,31,Lazio,77,77,€8.5M
B. Santamaria,28,Rennes,77,77,€9.5M
M. Valjent,27,Mallorca,77,79,€11M
S. Gigot,29,Olympique de Marseille,77-1,77-1,€9M
G. Escalante,30,Cádiz,77,77,€10M
G. Maripán,29,Monaco,77,78,€9.5M
M. Dahoud,27,VfB Stuttgart,77-1,77-1,€11M
D. Djené,31,Getafe,77,77,€7M
A. Blake,32,Philadelphia Union,77,77,€5M
G. Simeone,27,Napoli,77,77,€11.5M
K. Tete,27,Fulham,77,77,€10M
M. Sportiello,31,Milan,77,77,€5.5M
I. Fernández,33,River Plate,77,77,€6.5M
Y. Sabaly,30,Real Betis,77,77,€9M
L. Montipò,27,Hellas Verona,77,80,€10.5M
F. Armani,36,River Plate,77,77,€1.2M
P. Díaz,28,River Plate,77,77,€9M
J. Mojica,30,Osasuna,77,77,€9M
A. Hamdallah,32,Al Ittihad,77,77,€8.5M
A. Iwobi,27,Fulham,77,77,€11M
F. Bernardeschi,29,Toronto,77,77,€10.5M
Y. Gerhardt,29,VfL Wolfsburg,77,77,€10.5M
A. Djiku,28,Fenerbahçe,77,78,€10M
N. Stanciu,30,Damac,77,77,€10M
Bruma,28,Sporting Braga,77,77,€10.5M
D. Cataldi,28,Lazio,77,77,€9.5M
A. Martial,27,Manchester United,77,77,€11.5M
J. Quintero,30,Racing Club,77,77,€10M
D. Machís,30,Cádiz,77,77,€10M
R. Ghezzal,31,Beşiktaş,77,77,€8.5M
Raúl De Tomás,28,Rayo Vallecano,77,77,€11M
R. Gauld,27,Vancouver Whitecaps,77,77,€11.5M
Andreas Pereira,27,Fulham,77,77,€11M
A. Januzaj,28,Sevilla,77,77,€10.5M
A. Bakasetas,30,Panathinaikos,77,77,€10M
Lucas Torró,28,Osasuna,77,77,€9.5M
Y. Poulsen,29,RB Leipzig,77,77,€10.5M
M. Weiser,29,Werder Bremen,77,77,€9.5M
A. Plea,30,Borussia Mönchengladbach,77,77,€10M
B. Davies,30,Tottenham Hotspur,77,77,€8.5M
S. Umtiti,29,LOSC Lille,77,77,€9M
F. Fajr,34,Al Wahda,77,77,€4.9M
Juan Bernat,30,Benfica,77,77,€9M
Héctor Bellerín,28,Real Betis,77,77,€9.5M
I. Balliu,31,Rayo Vallecano,77,77,€7.5M
T. Hazard,30,Anderlecht,77,77,€10M
Gabriel Paulista,32,Atlético Madrid,77,77,€7M
B. Lecomte,32,Montpellier,77,77,€5M
K. Volland,30,FC Union Berlin,77,77,€10.5M
J. Cillessen,34,NEC,77,77,€1.8M
Álex Fernández,30,Cádiz,77+2,77+2,€10M
Pablo Sarabia,31,Wolverhampton Wanderers,77,77,€8.5M
F. Lejeune,32,Rayo Vallecano,77,77,€7M
Y. Rakitskyi,33,Shakhtar Donetsk,77,77,€5M
C. Dawson,33,Wolverhampton Wanderers,77,77,€5M
G. Pezzella,32,Real Betis,77,77,€7M
R. Rodríguez,30,Torino,77,77,€8.5M
Aitor,32,Osasuna,77,77,€5M
M. Braithwaite,32,Espanyol,77,77,€8.5M
T. Delaney,31,Anderlecht,77-1,77-1,€7.5M
Jaume Costa,35,Mallorca,77,77,€3.2M
Alex Sandro,32,Juventus,77,77,€7M
Illarramendi,33,Dallas,77,77,€6.5M
Ł. Skorupski,32,Bologna,77,77,€5M
R. Bürki,32,Saint Louis City,77,77,€5M
A. Budimir,31,Osasuna,77,77,€9M
Oscar,31,Shanghai Port,77,77,€8.5M
E. Choupo-Moting,34,FC Bayern München,77,77,€5M
A. Vidal,36,Colo-Colo,77,77,€3.3M
I. Perišić,34,Hajduk Split,77,77,€4.9M
Willian,34,Fulham,77,77,€4.9M
E. Cavani,36,Boca Juniors,77,77,€3.6M
Marcano,36,Porto,77,77,€1.9M
Ó. Trejo,35,Rayo Vallecano,77,77,€4.3M
Vesga,30,Athletic Club,77,77,€10M
J. Milner,37,Brighton & Hove Albion,77,77,€3.3M
Marcos Leonardo,20,Benfica,76,85,€16.5M
Vitor Roque,18,FC Barcelona,76,88,€17.5M
Danilo,22,Nottingham Forest,76,81,€10.5M
Pablo Barrios,20,Atlético Madrid,76,86,€16.5M
Álvaro Djaló,23,Sporting Braga,76,82,€12M
F. Chaïbi,20,Eintracht Frankfurt,76,86,€16.5M
Gabriel Sara,24,Norwich City,76+2,82+3,€12M
A. Vermeeren,18,Atlético Madrid,76,87,€15M
L. Yoro,17,LOSC Lille,76,86,€14.5M
Alejandro Garnacho,19,Manchester United,76,87,€16M
Mika Mármol,22,Las Palmas,76,85,€15.5M
Geny Catamo,22,Sporting CP,76+2,83,€15M
J. Kiwior,23,Arsenal,76,83,€14M
Diego López,21,Valencia,76,84,€17M
B. Locko,21,Stade Brestois 29,76,82,€11.5M
L. Colwill,20,Chelsea,76+1,83,€14M
S. Beukema,24,Bologna,76,81,€10M
V. Birmančević,25,Sparta Praha,76+1,77+1,€9M
M. Batna,33,Al Fateh,76,76,€4.7M
M. Braida,26,San Lorenzo,76,78,€8.5M
Toti Gomes,24,Wolverhampton Wanderers,76,82,€11M
K. Aktürkoğlu,24,Galatasaray,76,79,€10M
E. Agbadou,26,Stade de Reims ,76,80,€9M
N. Seiwald,22,RB Leipzig,76,84,€17M
A. Knauff,21,Eintracht Frankfurt,76,81,€11.5M
M. Tillman,21,PSV,76,84,€17M
C. Puertas,24,Union Saint-Gilloise,76,80,€10.5M
M. Thiaw,21,Milan,76,84,€15.5M
Morato,22,Benfica,76,84,€15.5M
R. Hatate,25,Celtic,76,79,€10M
Y. Ndayishimiye,24,Nice,76,81,€10.5M
Nico González,21,Porto,76,82,€11M
N. Madueke,21,Chelsea,76,83,€15M
S. Ricci,21,Torino,76,86,€16M
A. Kalimuendo,21,Rennes,76,79,€10.5M
A. Martínez,30,Racing Club,76,76,€7.5M
H. Boudaoui,23,Nice,76,79,€10M
M. Trésor,24,Burnley,76-2,80-2,€11M
L. Ivanušec,24,Feyenoord,76,79,€10M
Tiago Djaló,23,Juventus,76,82,€11M
Daniel Bragança,24,Sporting CP,76+2,83+2,€15M
S. Abdul Samed,23,Lens,76,79,€9.5M
C. Summerville,21,Leeds United,76,84,€17M
L. Brassier,23,Stade Brestois 29,76,82,€11M
T. Holeš,30,Slavia Praha,76-1,76-1,€6M
J. Stanišić,23,Bayer 04 Leverkusen,76,81,€10.5M
K. Koné,22,Borussia Mönchengladbach,76,84,€17M
A. Hickey,21,Brentford,76,82,€11.5M
J. Dina Ebimbe,22,Eintracht Frankfurt,76,81,€11.5M
I. Maatsen,21,Borussia Dortmund,76,84,€16M
F. Panák,27,Sparta Praha,76,77,€7.5M
Tuta,23,Eintracht Frankfurt,76,80,€9.5M
P. Šulc,22,Viktoria Plzeň,76+1,80+1,€11M
E. Díaz,27,River Plate,76,76,€7M
S. Abdulhamid,23,Al Hilal,76,81,€10.5M
A. Hložek,20,Bayer 04 Leverkusen,76,83,€15M
B. Diakité,22,LOSC Lille,76,82,€11.5M
R. Sottil,24,Fiorentina,76,81,€11.5M
Valery,23,Girona,76,81,€11.5M
L. Beltrán,22,Fiorentina,76,83,€15.5M
Adrià Pedrosa,25,Sevilla,76,81,€10M
J. Lindstrøm,23,Napoli,76,82,€12M
G. Rutter,21,Leeds United,76,86,€17M
L. Barreiro Martins,23,FSV Mainz 05,76,82,€12M
L. Suárez,25,Almería,76,79,€10M
M. Salisu,24,Monaco,76,81,€10M
S. Diop,23,Nice,76,81,€11.5M
P. Musa,25,Dallas,76,79,€10M
Puado,25,Espanyol,76,79,€10M
G. Bushchan,29,Dynamo Kyiv,76,76,€5M
V. Mykolenko,24,Everton,76,80,€10M
V. Buyalskyi,30,Dynamo Kyiv,76,76,€7M
M. Lacroix,23,VfL Wolfsburg,76,84,€15.5M
A. Bayındır,25,Manchester United,76,79,€7.5M
Y. Adli,22,Milan,76,82,€11M
Óscar Valentín,28,Rayo Vallecano,76,76,€6.5M
D. McNeil,23,Everton,76,81,€11.5M
O. Solet,23,Salzburg,76,83,€14M
S. Córdova,26,Mexico,76,79,€0
Aitor Ruibal,27,Real Betis,76,76,€7M
J. El Yamiq,31,Al Wahda,76,76,€5M
Igor,25,Brighton & Hove Albion,76,81,€10M
Gorosabel,26,Deportivo Alavés,76,77,€8M
T. Mitchell,23,Crystal Palace,76,81,€10.5M
H. Traorè,23,Napoli,76,80,€11M
C. Hudson-Odoi,22,Nottingham Forest,76,81,€11.5M
M. Merentiel,27,Boca Juniors,76,76,€8M
Carles Pérez,25,Celta de Vigo,76,77,€9M
A. Gomes,22,LOSC Lille,76,83,€15M
S. Niakaté,23,Sporting Braga,76,81,€10M
A. Boupendza,26,Cincinnati,76,76,€8M
K. Wagner,26,Philadelphia Union,76,77,€8M
A. Matusiwa,25,Rennes,76,79,€9M
J. Chabot,25,FC Köln,76,80,€9.5M
Abel Ruiz,23,Sporting Braga,76,82,€12M
M. Gómez,26,Cádiz,76,77,€9M
M. Pongračić,25,Lecce,76,80,€9.5M
Michael,27,Al Hilal,76,76,€8M
J. Campaz,23,Rosario Central,76,80,€11M
U. Antuna,25,Mexico,76,77,€0
M. Tavernier,24,AFC Bournemouth,76,79,€10M
Davidson,32,İstanbul Başakşehir,76,76,€6M
E. Nketiah,24,Arsenal,76,80,€11M
A. Dreyer,25,Anderlecht,76,78,€9.5M
S. Lukić,26,Fulham,76,77,€9M
Melendo,25,Granada,76-1,78-1,€9.5M
M. Senesi,26,AFC Bournemouth,76,78,€8M
R. Marin,27,Empoli,76,77,€8.5M
E. Ampadu,22,Leeds United,76,82,€11M
G. Til,25,PSV,76,79,€10M
M. Munetsi,27,Stade de Reims ,76,77,€8.5M
I. Sarr,25,Olympique de Marseille,76,77,€9M
R. Nicolaisen,26,Toulouse,76,79,€8.5M
V. Janelt,25,Brentford,76,80,€9.5M
W. Faes,25,Leicester City,76,78,€8.5M
Toni Martínez,26,Porto,76,78,€9.5M
V. Rosier,26,Nice,76,77,€8M
Diogo Leite,24,FC Union Berlin,76,80,€9.5M
Jota,24,Al Ittihad,76,79,€10M
Evander,25,Portland Timbers,76+1,78+1,€9.5M
O. Mangala,25,Olympique Lyonnais,76,79,€10M
Odriozola,27,Real Sociedad,76,76,€7M
A. Laïdouni,26,FC Union Berlin,76,78,€8.5M
R. Kristensen,25,Roma,76,78,€8.5M
M. Turner,29,Nottingham Forest,76,78,€6M
K. Itakura,26,Borussia Mönchengladbach,76,78,€8M
R. Aliendro,32,River Plate,76,76,€6M
L. Malagón,26,Mexico,76,80,€0
K. Kairinen,24,Sparta Praha,76,80,€10.5M
S. Ascacíbar,26,Estudiantes,76,77,€9M
M. Grujić,27,Porto,76,76,€8M
A. Harit,26,Olympique de Marseille,76-1,77-1,€9M
J. Harrison,26,Everton,76,76,€8M
J. Karlsson,24,Bologna,76,79,€10M
P. Jensen,25,Sparta Praha,76,79,€7.5M
T. Chalobah,23,Chelsea,76,80,€9.5M
Cryzan,26,Shandong Taishan,76,77,€9M
M. Diakhaby,26,Valencia,76,79,€8.5M
M. Gaćinović,28,AEK Athens,76,76,€7.5M
Rafael Cachoira,23,Bragantino,76,76,€7.5M
Simão Acunha,35,Atlético Mineiro,76,76,€3.1M
Jairzinho Aníbal,31,Bragantino,76,76,€5M
David Seijalbo,27,Atlético Mineiro,76,76,€7M
Rubem Esteiro,35,Palmeiras,76,76,€3.1M
Nicolás Filhei,27,Palmeiras,76,76,€8M
Nelsildo Reis,23,Cruzeiro,76,79,€8M
Fred Aníbão,31,Athletico Paranaense,76,76,€4M
Cris Laranjeiros,31,Athletico Paranaense,76,76,€5M
Antonaldinho,35,Atlético Mineiro,76,76,€2M
Silas Almeim,31,Cruzeiro,76,76,€5.5M
Á. Montero,28,Millonarios,76,78,€6.5M
M. Matviienko,27,Shakhtar Donetsk,76,78,€8M
J. Rodon,25,Leeds United,76,80,€9.5M
H. Moukoudi,25,AEK Athens,76,79,€9M
K. Dolberg,25,Anderlecht,76,78,€9.5M
F. Grillitsch,27,TSG Hoffenheim,76,77,€7.5M
J. Cullen,27,Burnley,76,77,€7.5M
K. Walker-Peters,26,Southampton,76,77,€8M
C. Guanca,30,Al Taawon,76,76,€7M
S. Spierings,27,Toulouse,76,77,€7.5M
L. Tousart,26,FC Union Berlin,76,80,€9.5M
Andrei Girotto,31,Al Taawon,76,76,€5M
Pablo Fornals,27,Real Betis,76,76,€8M
T. Kehrer,26,Monaco,76,78,€8M
S. Mavididi,25,Leicester City,76,78,€9.5M
K. Iheanacho,26,Leicester City,76,76,€8.5M
E. Bailly,29,Villarreal,76,76,€6.5M
R. Mandragora,26,Fiorentina,76,79,€9.5M
H. Diallo,28,Al Shabab,76,76,€7.5M
O. Pineda,27,AEK Athens,76,76,€8M
Z. Çelik,26,Roma,76,76,€7.5M
Luis Rioja,29,Deportivo Alavés,76,76,€7.5M
Fábio Martins,29,Al Khaleej,76,76,€7.5M
K. Ajer,25,Brentford,76,81,€10M
N. Olij,27,Sparta Rotterdam,76,79,€7.5M
S. Becker,28,Real Sociedad,76,76,€7.5M
G. Arias,35,Racing Club,76,76,€825K
F. Cervi,29,Celta de Vigo,76,76,€7.5M
T. Castagne,27,Fulham,76,76,€7M
H. Winks,27,Leicester City,76,77,€7.5M
P. Berg,25,Bodø / Glimt,76,80,€9.5M
T. Adarabioyo,25,Fulham,76,81,€10M
L. Boyé,27,Granada,76,76,€8M
J. Staněk,27,Slavia Praha,76+1,77+1,€6.5M
Lee Jae Sung,30,FSV Mainz 05,76,76,€7M
D. van de Beek,26,Eintracht Frankfurt,76,76-2,€8M
D. Machado,29,Lens,76,76,€6.5M
S. Luperto,26,Empoli,76,79,€8.5M
C. Lenglet,28,Aston Villa,76,76,€6.5M
Munir,27,Las Palmas,76,76,€8M
M. Borja,30,River Plate,76,76,€7.5M
N. Figal,29,Boca Juniors,76,76,€6.5M
G. Nkoudou,28,Damac,76,76,€7.5M
C. Tolisso,28,Olympique Lyonnais,76,76,€6.5M
C. Arango,28,Real Salt Lake,76,76,€7.5M
J. De Sart,28,Gent,76,76,€7.5M
M. Simon,27,Nantes,76,76,€8M
Wendell,29,Porto,76,76,€6.5M
I. Bebou,29,TSG Hoffenheim,76,76,€7.5M
Dani García,33,Athletic Club,76,76,€4.6M
M. Cornet,26,West Ham United,76,76,€8M
B. Petković,28,Dinamo Zagreb,76,76,€7.5M
G. Herrera,31,Talleres Córdoba,76,76,€4M
J. Burrai,32,Barcelona Guayaquil,76,76,€3.7M
T. Kleindienst,27,Heidenheim,76+1,76+1,€8M
Helton Leite,32,Antalyaspor,76,76,€3.7M
Fábio Cardoso,29,Porto,76-1,76-2,€6.5M
C. Akpom,27,Ajax,76,76,€8M
L. Abergel,30,Lorient,76,76,€6.5M
A. Tameze,29,Torino,76+1,76+1,€6.5M
R. Khedira,29,FC Union Berlin,76,76,€6.5M
M. Dembélé,26,Al Ettifaq,76,77,€9M
P. Gollini,28,Napoli,76,78,€6.5M
M. Sanson,28,Nice,76,76,€7.5M
E. Hysaj,29,Lazio,76,76,€6.5M
C. Nørgaard,29,Brentford,76,76,€6.5M
W. Falcone,28,Lecce,76,78,€6.5M
M. Halstenberg,31,Hannover 96,76,76,€5M
A. Hegazi,32,Al Ittihad,76,76,€4.9M
K. Mbabu,28,FC Augsburg,76,76,€7M
R. Steffen,31,Lugano,76,76,€6M
C. Burgess,31,Union Saint-Gilloise,76,76,€5M
C. Goodwin,31,Al Wahda,76,76,€6M
Carlinhos,29,Portimonense,76+1,76+1,€7.5M
J. Vardy,36,Leicester City,76,76,€2.6M
A. Thomasson,29,Lens,76,76,€7.5M
R. Pröpper,29,FC Twente,76,76,€6.5M
Clinton Mata,30,Olympique Lyonnais,76,76,€6.5M
P. Mantalos,31,AEK Athens,76,76,€6M
A. Doucouré,30,Everton,76-1,76-1,€7M
Willian Arão,31,Panathinaikos,76,76,€5M
M. Keane,30,Everton,76,76,€6M
F. Vázquez,34,Cremonese,76,76,€3.5M
Manu Trigueros,31,Villarreal,76,76,€6M
Y. Abdelhamid,35,Stade de Reims ,76,76,€2M
J. Ferri,31,Montpellier,76,76,€5M
M. Stevanović,32,Servette,76,76,€6M
Patric,30,Lazio,76,76,€6M
J. Murphy,28,Newcastle United,76,76,€7.5M
M. De Sciglio,30,Juventus,76,76,€6.5M
João Paulo,32,Seattle Sounders,76,76,€5M
Alberto Moreno,30,Villarreal,76,76,€6.5M
Bernard,30,Panathinaikos,76,76,€7M
Fernando,33,Almería,76,76,€2.4M
Portu,31,Girona,76,76,€6M
L. Advíncula,33,Boca Juniors,76,76,€3.9M
M. Batshuayi,29,Fenerbahçe,76,76,€7.5M
K. Stöger,29,VfL Bochum 1848,76,76,€7.5M
J. Brooks,30,TSG Hoffenheim,76,76,€6M
B. De Cordova-Reid,30,Fulham,76,76,€7M
J. Lascelles,29,Newcastle United,76,76,€6.5M
D. Klaassen,30,Inter,76,76,€7M
J. Butland,30,Rangers,76,76,€5M
G. Caprari,29,Monza,76,76,€7.5M
W. Boly,32,Nottingham Forest,76,76,€4.9M
T. Meunier,31,Trabzonspor,76,76,€5.5M
J. Gouweleeuw,31,FC Augsburg,76,76,€5M
M. Rojo,33,Boca Juniors,76,76,€3.6M
A. Mandi,31,Villarreal,76,76,€5M
Cristian Tello,31,Al Fateh,76,76,€6M
S. Rode,32,Eintracht Frankfurt,76,76,€5M
M. Ozdoev,30,PAOK,76,76,€7M
N. Höfler,33,SC Freiburg,76,76,€3.7M
R. Barkley,29,Luton Town,76,76,€7.5M
D. D'Ambrosio,34,Monza,76,76,€2.4M
Sérgio Oliveira,31,Galatasaray,76-1,76-1,€6M
Pizzi,33,Sporting Braga,76,76,€4.6M
M. Ducksch,29,Werder Bremen,76-1,76-1,€7.5M
D. Ings,30,West Ham United,76,76,€7.5M
T. Cairney,32,Fulham,76,76,€6M
Willian José,31,Real Betis,76,76,€6.5M
F. Kainz,30,FC Köln,76,76,€7M
R. Cabella,33,LOSC Lille,76,76,€4.7M
I. Gueye,33,Everton,76,76,€3.7M
C. Trimmel,36,FC Union Berlin,76,76,€1.7M
K. Vogt,31,FC Union Berlin,76,76,€5M
S. Zuber,31,AEK Athens,76,76,€6.5M
A. Cresswell,33,West Ham United,76,76,€3.9M
Aridane,34,Rayo Vallecano,76,76,€2.4M
M. Lanzini,30,River Plate,76,76,€7M
Taison,35,PAOK,76,76,€3.1M
L. Stindl,34,Karlsruher SC,76,76,€3.5M
Y. M'Vila,33,West Bromwich Albion,76,76,€3.7M
F. Borini,32,Sampdoria,76,76,€6M
O. Ighalo,34,Al Wahda,76,76,€3.6M
A. Ogbonna,35,West Ham United,76,76,€2M
A. Lallana,35,Brighton & Hove Albion,76,76,€3.1M
D. Wass,34,Brøndby,76,76,€3.5M
José Fonte,39,Sporting Braga,76,76,€1.3M
Raúl García,36,Athletic Club,76,76,€2.6M
João Moutinho,36,Sporting Braga,76,76,€2.4M
Santi Cazorla,38,Real Oviedo,76,76,€2.4M
Pepe Reina,40,Villarreal,76,76,€825K
Lucas Beraldo,19,Paris Saint Germain,75,86,€11.5M
S. Sazonov,21,Torino,75,82,€10.5M
Natan,22,Napoli,75,84,€12M
M. Abu Fani,25,Ferencváros,75,78-1,€7.5M
O. Gloukh,19,Salzburg,75,86,€12M
R. Lewis,18,Manchester City,75,86,€11.5M
Alexsandro,23,LOSC Lille,75,80,€7.5M
Jota Silva,23,Vitória SC,75+2,80+1,€8.5M
A. Veliz,19,Sevilla,75,85,€12M
F. Miretti,19,Juventus,75,88,€13.5M
M. Folorunsho,25,Hellas Verona,75,78,€7.5M
G. Hernández,25,San Lorenzo,75,80,€7.5M
F. Baschirotto,26,Lecce,75,77,€6M
M. Tel,18,FC Bayern München,75,88,€13M
G. Álvarez,23,Getafe,75,82,€10.5M
Saúl Coco,24,Las Palmas,75,82,€10.5M
G. Restes,18,Toulouse,75,87,€11.5M
M. Akliouche,21,Monaco,75,84,€12.5M
D. Ruiz,21,Millonarios,75,84,€12.5M
Agirrezabala,22,Athletic Club,75+1,83,€11M
Vitinha,23,Genoa,75,79,€8M
Andrew,22,Gil Vicente,75-1,84,€11M
Copete,23,Mallorca,75,83,€11.5M
L. Gondou,22,Argentinos Juniors,75,82,€11.5M
A. Mandous,31,Slavia Praha,75,75,€3M
Vinicius Souza,24,Sheffield United,75,82,€10.5M
A. Zorgane,23,Sporting Charleroi,75,80,€8.5M
R. Onyedika,22,Club Brugge,75+1,82+1,€10.5M
M. Baturina,20,Dinamo Zagreb,75,84,€12.5M
Sergi Cardona,23,Las Palmas,75,80,€8M
N. Zalewski,21,Roma,75,82,€11M
Q. Merlin,21,Olympique de Marseille,75+1,82,€11M
M. Keita,21,Antwerp,75,83,€12M
I. Ndiaye,23,Olympique de Marseille,75,80,€8.5M
C. Medina,21,Boca Juniors,75,84,€12.5M
M. Kerkez,19,AFC Bournemouth,75,85,€11.5M
S. Adingra,21,Brighton & Hove Albion,75+1,82,€11.5M
Pedro Chirivella,26,Nantes,75,78,€6.5M
S. Weissman,27,Salernitana,75,75,€6M
L. Dendoncker,28,Napoli,75,75,€5.5M
Simão Donatinho,27,Corinthians,75,75,€4.3M
R. Knoche,31,FC Union Berlin,75,75,€3.8M
Luís Hernández,34,Cádiz,75,75,€1.8M
E. Loiodice,22,Las Palmas,75,84,€12.5M
Jonny,29,PAOK,75,75,€4.9M
Matheus Henrique,25,Sassuolo,75,78,€7.5M
F. Fabra,32,Boca Juniors,75,75,€3.9M
R. Nelson,23,Arsenal,75,81,€9M
Z. Steffen,28,Colorado Rapids,75,75,€4M
Elildo Petri,27,Palmeiras,75,75,€6M
Douglas Augusto,26,Nantes,75,76,€6.5M
G. Bou,33,Talleres Córdoba,75,75,€3.6M
V. Černý,25,VfL Wolfsburg,75,76,€6.5M
C. Bassey,23,Fulham,75,83,€11.5M
R. Rey,32,Independiente,75,75,€2.8M
P. De la Vega,22,Seattle Sounders,75,84,€12.5M
R. Gikiewicz,35,Widzew Łódź,75,75,€625K
Trezeguet,28,Trabzonspor,75,75,€5.5M
Z. Youssouf,23,Famalicão,75,80,€8.5M
A. Florenzi,32,Milan,75,75,€3.9M
M. Livaja,29,Hajduk Split,75,75,€5.5M
K. Grabara,24,København,75,81,€7M
F. Farías,20,Inter Miami,75,85,€12.5M
I. De Arruabarrena,26,Arouca,75,79,€6M
K. Olsson,28,Midtjylland,75,75,€5.5M
J. Correa,28,Olympique de Marseille,75,75,€6M
D. Welbeck,32,Brighton & Hove Albion,75,75,€4.6M
M. Targett,27,Newcastle United,75,75,€5.5M
D. Szymański,28,AEK Athens,75,76,€5.5M
D. Brooks,25,Southampton,75,76,€6.5M
D. Vida,34,AEK Athens,75,75,€1.8M
R. Jiménez,32,Fulham,75,75,€4.6M
Carlos Júnior,27,Al Shabab,75,75,€6M
H. Wilson,26,Fulham,75,75,€6M
Costinha,23,Rio Ave,75,82,€10.5M
C. Bakambu,32,Real Betis,75,75,€4.6M
J. Pavlenka,31,Werder Bremen,75,75,€3M
M. Mohamed,25,Nantes,75,78,€7.5M
Rubén Peña,31,Osasuna,75,75,€4.1M
Vitor Hugo,32,Panathinaikos,75,75,€3.6M
J. Lundstram,29,Rangers,75,75,€4.8M
M. Zetterer,27,Werder Bremen,75,77,€5M
Enaldo Praz,39,Corinthians,75,75,€1.2M
E. Ponce,26,AEK Athens,75,76,€6.5M
N. Keïta,28,Werder Bremen,75-1,75-1,€5.5M
P. Gueye,24,Olympique de Marseille,75-1,78-1,€7.5M
B. Osayi-Samuel,25,Fenerbahçe,75,77,€6.5M
R. Bazoer,26,AZ Alkmaar,75,76,€6M
B. Cortés,28,Colo-Colo,75,76,€4.5M
Iago,26,FC Augsburg,75,76,€6M
M. Rashica,27,Beşiktaş,75,75,€6M
C. Bacca,36,Junior,75,75,€1.9M
Embarba,31,Almería,75,75,€4.7M
M. Nastasić,30,Mallorca,75,75,€4.6M
Walexinton,31,Athletico Paranaense,75,75,€3M
J. Nsame,30,Como,75,75,€5.5M
N. Nández,27,Cagliari,75,75,€6M
Chris Ramos,26,Cádiz,75,76,€6.5M
F. Di Francesco,29,Palermo,75,75,€5.5M
Iván Jaime,22,Porto,75,83,€12.5M
P. Hrošovský,31,Genk,75,75,€3.9M
Jailson Caeiro,31,Cruzeiro,75,75,€4.1M
N. Dorsch,25,FC Augsburg,75,79,€7M
A. Maier,24,FC Augsburg,75,78,€7.5M
Pablo Marí,29,Monza,75,75,€4.7M
S. Rodríguez,30,Alianza Lima,75,75,€5.5M
M. Dituro,36,Elche,75,75,€625K
C. Coady,30,Leicester City,75,75,€4.6M
Pep Biel,26,FC Augsburg,75,75,€6M
J. Roussillon,30,FC Union Berlin,75,75,€4.8M
S. Colombatto,26,Real Oviedo,75,78,€6.5M
L. Dubois,28,İstanbul Başakşehir,75,75,€5M
J. Sornoza,29,Independiente del Valle,75,75,€5.5M
David Costa,22,Lens,75,80,€8.5M
N. Amrabat,36,AEK Athens,75,75,€1.8M
G. Fernández,31,Boca Juniors,75,75,€4.6M
K. Toko Ekambi,30,Al Ettifaq,75,75,€5.5M
Luiz Júnior,22,Famalicão,75,83,€11M
Samu,27,Vizela,75,75-1,€6M
L. Romo,28,Mexico,75,75,€0
Y. Bisseck,22,Inter,75,85,€12M
G. Martínez,30,River Plate,75,75,€5.5M
H. Sudakov,20,Shakhtar Donetsk,75,85,€12.5M
R. Žulj,31,LASK Linz,75,75,€4.8M
Ander Guevara,25,Deportivo Alavés,75,78,€7.5M
C. Richards,23,Crystal Palace,75,79,€7M
Estevão Candeira,27,Flamengo,75,75,€5.5M
B. Traoré,27,Villarreal,75,75,€6M
Elieser Baldeiro,27,Flamengo,75,75,€5M
Rubén Duarte,27,Deportivo Alavés,75,75,€5.5M
Aurélio Buta,26,Eintracht Frankfurt,75,75,€6M
J. King,31,Fenerbahçe,75,75,€4.8M
P. van Aanholt,32,PSV,75,75,€3.9M
A. Velasco,20,Dallas,75,84,€12.5M
S. Meïté,29,PAOK,75,75,€4.8M
J. Ferreira,22,Dallas,75,80,€8.5M
Juli Freitinho,23,Grêmio,75,75,€5.5M
G. Maggiore,25,Salernitana,75,78,€7.5M
Iñigo Vicente,25,Racing Santander,75,76,€6.5M
E. Pérez,37,Estudiantes,75,75,€1.1M
C. Espinoza,28,San Jose Earthquakes,75,75,€5.5M
D. Kuzyaev,30,Le Havre,75,75,€5.5M
B. Dejaegere,32,Charlotte,75,75,€4.4M
Domingos Duarte,28,Getafe,75,75,€4.8M
Paulo Victor,36,Al Ettifaq,75,75,€625K
P. Kadeřábek,31,TSG Hoffenheim,75,75,€4.1M
L. Ajorque,29,FSV Mainz 05,75-1,75-1,€5.5M
Munir,34,Al Wahda,75+1,75+1,€950K
R. Saponara,31,Ankaragücü,75,75,€4.7M
M. Jenz,24,VfL Wolfsburg,75,79,€7M
W. Omari,23,Rennes,75,79,€7M
I. Grbić,27,Sheffield United,75,78,€5.5M
André Ramalho,31,PSV,75,75,€3.8M
G. Mikautadze,22,Metz,75+1,83,€12.5M
J. Le Douaron,25,Stade Brestois 29,75,76-2,€6.5M
Tetê,23,Galatasaray,75,80,€8.5M
I. Hien,24,Atalanta,75,82,€10.5M
J. van Hecke,23,Brighton & Hove Albion,75+1,80+1,€7.5M
Víctor Gómez,23,Sporting Braga,75,82,€10.5M
S. Widmer,30,FSV Mainz 05,75,75,€4.8M
I. Baba,27,Almería,75,75,€6M
A. Sørensen,27,Sparta Praha,75,77,€6M
J. Vestergaard,30,Leicester City,75,75,€4.6M
M. Aebischer,26,Bologna,75,76,€6M
A. Bondarenko,22,Shakhtar Donetsk,75,84,€12.5M
E. Millot,20,VfB Stuttgart,75,83,€12.5M
Leo Vimieiro,27,São Paulo,75,75,€5.5M
M. Damsgaard,22,Brentford,75,82,€11.5M
Mauro Júnior,24,PSV,75,80,€8M
Víctor Chust,23,Cádiz,75,81,€8M
Dênildo Stein,39,Cruzeiro,75,75,€1.9M
M. Ojeda,24,Orlando City,75,77,€7.5M
D. Silva,36,Millonarios,75,75,€1.8M
A. Pellegrino,33,San Jose Earthquakes,75,75,€3.5M
Emilio Piodão,31,Grêmio,75,75,€3.9M
D. Man,24,Parma,75,78,€7.5M
Y. Mina,28,Cagliari,75,75,€4.8M
R. Sessegnon,23,Tottenham Hotspur,75,80,€8M
A. Johnston,24,Celtic,75+1,79+1,€7.5M
J. Castelletto,28,Nantes,75,76,€5.5M
Kevin,30,Celta de Vigo,75,75,€4.8M
Jorginhson,31,Cruzeiro,75,75,€3.9M
S. Gustafson,28,Sweden,75,75,€0
Mingueza,24,Celta de Vigo,75,80,€8M
W. Zimmerman,30,Nashville SC,75,75,€4.6M
B. Chardonnet,28,Stade Brestois 29,75,76,€5.5M
A. Rebić,29,Beşiktaş,75,75,€5.5M
F. Zuqui,31,Estudiantes,75,75,€4.6M
J. Evans,35,Manchester United,75,75,€1.5M
A. Maxim,32,Gaziantep F.K.,75,75,€4.5M
Guilherme Sityá,33,Konyaspor,75,75,€2.9M
T. Dallinga,22,Toulouse,75,84,€12.5M
André Gomes,29,Everton,75,75,€4.8M
R. Villagra,22,River Plate,75,82,€10.5M
M. Al Tamari,26,Montpellier,75,76,€6.5M
D. Rugani,28,Juventus,75,76,€5.5M
M. Eggestein,26,SC Freiburg,75,76,€6M
S. Pavlović,22,Salzburg,75,83,€12M
Aimar Oroz,21,Osasuna,75,83,€12.5M
S. Lovrič,25,Udinese,75,78,€7.5M
R. Yates,25,Nottingham Forest,75,79,€7M
C. Roberts,27,Leeds United,75,75,€5.5M
C. Wood,31,Nottingham Forest,75,75,€4.8M
J. Ayew,31,Crystal Palace,75,75,€4.7M
Walace,28,Udinese,75,75,€4.9M
Formosandrinho,31,Atlético Mineiro,75,75,€4.8M
J. Chotard,21,Montpellier,75,81,€8.5M
M. Uth,31,FC Köln,75,75,€4.7M
P. Rosario,26,Nice,75,78,€6.5M
J. Justin,25,Leicester City,75-1,76-1,€6M
Eric Curbelo,29,Las Palmas,75,75,€4.7M
T. Chancalay,24,New England,75,78,€7.5M
F. Dahmen,25,FC Augsburg,75,79,€6M
Sandro,27,Las Palmas,75,75,€6M
T. Fountas,27,Trabzonspor,75,75,€6M
P. Mainka,28,Heidenheim,75,76,€5.5M
T. Čvančara,22,Borussia Mönchengladbach,75,80,€8.5M
Denis Suárez,29,Villarreal,75,75,€5.5M
Z. Sanusi,26,Porto,75,76,€6M
O. Edouard,25,Crystal Palace,75,78,€7.5M
Nuno Tavares,23,Nottingham Forest,75,79,€7.5M
João Pedro,21,Brighton & Hove Albion,75,83,€12.5M
Juan Cruz,30,Osasuna,75,75,€4.8M
M. Rits,29,Anderlecht,75,75,€4.8M
F. Tait,30,Samsunspor,75,75,€5.5M
Hong Hyeon Seok,24,Gent,75,79,€8M
M. Hermansen,22,Leicester City,75,84,€11M
D. Origi,28,Nottingham Forest,75,75,€6M
Marcão,29,Fatih Karagümrük,75,75,€5.5M
Barrenetxea,21,Real Sociedad,75,83,€12.5M
M. Ngadeu,32,Beijing Guoan,75,75,€3.6M
P. Zinckernagel,28,Club Brugge,75,75,€5.5M
K. Diatta,24,Monaco,75,78,€7.5M
M. Diaw,30,Clermont,75,76,€4.2M
D. Rodríguez,34,Argentinos Juniors,75,75,€950K
M. Gabbia,23,Milan,75,82,€10.5M
A. Ounahi,23,Olympique de Marseille,75-1,80-1,€8.5M
F. Guilbert,28,Strasbourg,75,75,€5M
C. Ramírez,28,Ferencváros,75,75,€5M
L. Shankland,27,Hearts,75,75,€6M
H. Aouar,25,Roma,75,79,€8M
A. Meyer,32,Borussia Dortmund,75,75,€2.8M
T. Pukki,33,Minnesota United,75,75,€3.6M
C. Goldson,30,Rangers,75,75,€4.6M
T. Pobega,23,Milan,75,80,€8.5M
O. Lingr,24,Feyenoord,75,80,€8.5M
C. Aquino,31,Vélez Sarsfield,75,75,€4.7M
M. Günok,34,Beşiktaş,75,75,€950K
T. Asano,28,VfL Bochum 1848,75,75,€5.5M
A. Bareiro,26,San Lorenzo,75,75,€6M
J. Larsen,23,Celta de Vigo,75,82,€11.5M
N. Collins,22,Brentford,75,82,€10.5M
J. Steele,32,Brighton & Hove Albion,75,75,€2.8M
M. Vitík,20,Sparta Praha,75,82,€10.5M
M. Beier,20,TSG Hoffenheim,75,84,€12.5M
H. Reed,28,Fulham,75,75,€4.9M
A. Hanche-Olsen,26,FSV Mainz 05,75,78,€6.5M
M. Bülter,30,TSG Hoffenheim,75,75,€5.5M
J. Haberer,29,FC Union Berlin,75,75,€5.5M
D. James,25,Leeds United,75,76,€6.5M
M. Wolf,28,Borussia Dortmund,75,75,€5M
Marc Roca,26,Real Betis,75,78,€6.5M
J. Vagnoman,22,VfB Stuttgart,75,79,€7.5M
Gabriel Strefezza,26,Como,75,75-1,€6M
J. Mateta,26,Crystal Palace,75,77,€7M
Adryelson,25,Olympique Lyonnais,75,79,€7M
E. Martel,21,FC Köln,75,85,€12M
M. Camara,25,Stade Brestois 29,75,78,€7.5M
R. Calafiori,21,Bologna,75,84,€12M
Kike Barja,26,Osasuna,75,75,€6M
S. Serdar,26,Hellas Verona,75,76,€6.5M
André Almeida,23,Valencia,75,81,€9M
C. Kouyaté,33,Nottingham Forest,75,75,€2.8M
M. Kumbulla,23,Sassuolo,75,79,€7M
Kaíquão Castro,27,Fluminense,75,75,€4.3M
A. Brignoli,31,Panathinaikos,75,75,€3M
T. Hamed,34,Damac,75,75,€1.9M
F. Mancuello,34,Independiente,75,75,€2.6M
R. Gagliardini,29,Monza,75,75,€4.8M
C. Lema,33,Boca Juniors,75,75,€2.7M
R. Bellanova,23,Torino,75,80,€8M
F. Reese,25,Hertha BSC,75,76,€6.5M
J. Lotomba,24,Nice,75,78,€7M
A. Domínguez,36,LDU Quito,75,75,€625K
M. Vandevoordt,21,Genk,75,84,€11M
Cote,33,Sporting Gijón,75,75,€2.9M
Danisco Fachini,35,Flamengo,75,75,€1.6M
J. Bellegarde,25,Wolverhampton Wanderers,75,79,€8M
Terrats,22,Villarreal,75,82,€11.5M
V. Claesson,31,København,75,75,€4.6M
N. Raskin,22,Rangers,75,84,€12.5M
B. Verbruggen,20,Brighton & Hove Albion,75,85,€10.5M
Adama Traoré,27,Fulham,75,75,€6M
R. Olsen,33,Aston Villa,75,75,€1.8M
Joo Min Kyu,33,Ulsan,75,75,€3.6M
Cesinha,33,Daegu,75,75,€3.6M
Raíllo,31,Mallorca,75,75,€3.8M
D. Gazdag,27,Philadelphia Union,75,75,€6M
L. Augustinsson,29,Anderlecht,75,75,€4.9M
Léo Duarte,26,İstanbul Başakşehir,75,78,€6.5M
R. Holding,27,Crystal Palace,75,76,€5.5M
D. Mancini,26,Panathinaikos,75,75,€6M
N. Radonjić,27,Mallorca,75,75,€6M
M. Faraoni,31,Fiorentina,75,75,€4.1M
B. Soumaré,24,Sevilla,75,78,€7M
Edgar Badia,31,Real Zaragoza,75,75,€3M
A. Murić,24,Burnley,75,80,€7M
Rubén Pérez,34,Panathinaikos,75,75,€1.9M
N. Mendy,31,Lens,75,75,€3.9M
B. Drągowski,25,Panathinaikos,75,78,€6M
Y. Yazıcı,26,LOSC Lille,75,76,€6.5M
F. Uduokhai,25,FC Augsburg,75,79,€7M
Jesus Andradaldo,31,Cuiabá,75,75,€4.1M
B. Rollheiser,23,Benfica,75,81,€9M
P. Mwene,29,FSV Mainz 05,75,75,€4.9M
Rubens Freitosa,39,Athletico Paranaense,75,75,€1.8M
T. Cantwell,25,Rangers,75,78,€7.5M
J. Brekalo,25,Hajduk Split,75,78,€7.5M
K. Gameiro,36,Strasbourg,75,75,€1.9M
C. Larin,28,Mallorca,75,75,€6M
M. Sadílek,24,FC Twente,75,80,€8M
P. Max,29,Eintracht Frankfurt,75,75,€4.9M
J. Clarke,22,Sunderland,75,83,€12.5M
J. Gastien,35,Clermont,75,75,€1.6M
I. Zabarnyi,20,AFC Bournemouth,75,82,€10.5M
G. Smal,25,FC Twente,75,77,€6.5M
R. Zerrouki,25,Feyenoord,75,78,€6.5M
F. Ioannidis,23,Panathinaikos,75,80,€8.5M
I. Meslier,23,Leeds United,75,82,€9.5M
M. Dupé,30,Nice,75,75,€3.7M
Nacho Vidal,28,Mallorca,75,75,€5M
C. Ejuke,25,Antwerp,75,76,€6.5M
M. Haïdara,30,Lens,75,75,€4.8M
J. Beyer,23,Burnley,75,80,€7.5M
A. Fulgini,26,Lens,75-1,76-1,€6.5M
Sergio Camello,22,Rayo Vallecano,75,84,€12.5M
R. Sosa,23,Talleres Córdoba,75,81,€9M
M. Rodák,26,Fulham,75,78,€5.5M
T. Hübers,26,FC Köln,75,77,€6M
Q. Laçi,27,Sparta Praha,75,75,€6M
M. Erlić,25,Sassuolo,75,78,€6.5M
M. van Ewijk,22,Coventry City,75,82,€11M
A. Yarmolenko,33,Dynamo Kyiv,75,75,€3.5M
S. Palacios,31,Panathinaikos,75,75,€4.7M
S. Szmodics,27,Blackburn Rovers,75,75,€6M
Omar Mascarell,30,Mallorca,75,75,€5.5M
B. Mechele,30,Club Brugge,75,75,€4.6M
V. Malcorra,35,Rosario Central,75,75,€2.3M
M. Ruiz,22,Mexico,75,82,€0
J. Shelvey,31,Rizespor,75,75,€4.6M
N. Pérez,23,Udinese,75,81,€8M
D. Ćaleta-Car,26,Olympique Lyonnais,75,75,€5.5M
T. Kaminski,30,Luton Town,75,75,€3.7M
R. Zalazar,23,Sporting Braga,75,81,€9M
T. Lamptey,22,Brighton & Hove Albion,75,80,€8M
J. Brownhill,27,Burnley,75,75,€6M
B. Sheaf,25,Coventry City,75,80,€7.5M
D. Rossi,25,Columbus Crew,75,76,€6.5M
D. Kohr,29,FSV Mainz 05,75,75,€4.8M
A. Král,25,FC Union Berlin,75,80,€7.5M
Z. Aboukhlal,23,Toulouse,75,81,€9M
L. González Pirez,31,River Plate,75,75,€3.8M
Ricardo Esgaio,30,Sporting CP,75,75,€4.8M
G. Hamer,26,Sheffield United,75,77,€7M
Paulo Oliveira,31,Sporting Braga,75,75,€3.8M
C. Kramer,32,Borussia Mönchengladbach,75,75,€3.7M
M. Rygaard,32,Häcken,75,75,€4.4M
E. Löwen,26,Saint Louis City,75,76,€6.5M
A. Karazor,26,VfB Stuttgart,75+1,75+1,€5.5M
S. Coleman,34,Everton,75,75,€2.1M
Y. Musah,20,Milan,75,83,€12.5M
Tiago Silva,30,Vitória SC,75,75,€5.5M
R. Zentner,28,FSV Mainz 05,75,77,€4.8M
D. Kotarski,23,PAOK,75,80,€7M
S. Berge,25,Burnley,75+1,78+1,€7.5M
Fali,29,Cádiz,75,75,€4.7M
M. Silva,40,Libertad,75,75,€625K
J. Gallardo,28,Mexico,75,75,€0
M. Elneny,30,Arsenal,75,75,€4.7M
K. Zachariassen,29,Ferencváros,75,75,€5.5M
Sivera,26,Deportivo Alavés,74,77,€4.2M
P. Tietz,25,FC Augsburg,74,76,€5.5M
Mardial Cunha,23,Fortaleza,74,74,€4.2M
P. Struijk,23,Leeds United,74,79,€6M
H. Magnetti,25,Stade Brestois 29,74,77,€5M
B. Godfrey,25,Everton,74,76,€4.7M
Dani Cárdenas,26,Rayo Vallecano,74,78,€4.5M
D. de Wit,25,AZ Alkmaar,74,76,€5.5M
Ivi López,29,Raków Częstochowa,74,74,€4.2M
E. Fernandes,27,FSV Mainz 05,74,76,€4.5M
B. Manuel,26,Burnley,74,74,€4.6M
D. Okereke,25,Torino,74,77,€5.5M
A. Gunn,27,Norwich City,74,75,€3.6M
H. Kamara,29,Udinese,74,74,€3.7M
Neto Borges,26,Clermont,74,74,€4.2M
P. De Blasis,35,Gimnasia La Plata,74,74,€1.7M
M. Zajc,29,Fenerbahçe,74,74,€4.1M
Aarón,26,Genoa,74,75-2,€4.5M
I. Hagi,24,Deportivo Alavés,74,79,€6.5M
N. Fernández,27,Defensa y Justicia,74,74,€4.6M
Gustavo Sauer,30,Rizespor,74,74,€4.1M
Aitor,27,Panathinaikos,74,74,€4.5M
F. Gattoni,24,Anderlecht,74,80,€6M
D. Rensch,20,Ajax,74,82,€9M
L. López,33,Al Khaleej,74,74,€2M
A. Broja,21,Fulham,74,82,€9.5M
E. Dinkçi,21,Heidenheim,74,80,€7M
Z. Flemming,24,Millwall,74,76,€5.5M
K. Mac Allister,25,Union Saint-Gilloise,74,77,€5M
D. Díaz,37,Barcelona Guayaquil,74,74,€1.4M
A. Adams,23,Montpellier,74,81,€8.5M
Y. Lodygin,33,Panathinaikos,74,74,€1.4M
I. Marcone,33,Independiente,74,74,€2.1M
Unai García,30,Osasuna,74,74,€3.5M
Edercinho Sepa,23,Botafogo,74,74,€4.3M
A. Zendejas,25,United States,74,75,€0
M. McKenzie,24,Genk,74,79,€6M
D. Ljubičić,25,FC Köln,74,75,€5M
O. Sahraoui,22,SC Heerenveen,74+1,83,€9.5M
C. Grenier,32,Racing Santander,74,74,€3.3M
J. Sánchez,25,Porto,74,76,€4.9M
S. van den Berg,21,FSV Mainz 05,74+1,82,€9M
J. Denayer,28,Al Fateh,74,75,€4M
Paulo Vítor,34,Al Okhdood,74,74,€725K
E. Ferguson,18,Brighton & Hove Albion,74,86,€10M
